filename,sha256,size_bytes,collected_time,source,label,notes
01 (1).jpg,cd0c399d86ce9acbff2e6955f60b310de3182e59e874209b982b30e15ac46bed,5513395,2026-06-04T18:09:21.332695,,,
01 (2).jpg,a4f86cdcf7d8355ed366e02c6f5e2cf152b335e7328d80e932dc88a150088725,4880288,2026-06-04T18:20:09.149169,,,
01 (3).jpg,26ef509798eba6efc2a34e8a0ec3e0762678b4766e8490cf74eaeb4a2ab143f0,5441107,2026-06-04T18:21:43.248488,,,
01 (4).jpg,4eeee4d4cbaf27013731661850f6a3c6f7f6e327d5161d9f9a4fd6140a18412c,6701539,2026-06-04T18:24:50.754887,,,
01 (5).jpg,6b7dd0d5097dea4ba7a9eb6caf14c3dd40412afedcf9a7d58ae3cae6490578f1,5951682,2026-06-04T18:25:46.450550,,,
01 (6).jpg,286ff20e2873b313fd5d3f12299b9cd6f3b285460efc8040bb5a1fd4a16fbc12,6731441,2026-06-04T18:28:33.465014,,,
01 (7).jpg,85d1247ef38affdbeb76e088f9190fe2939140939a042ac67fbcc8051fce2303,4539452,2026-06-04T18:28:23.957790,,,
01 (8).jpg,acc93ab3f08acd5c86d3315b3c1c280f319156483fa2d0abc433a075671b4fde,10301322,2026-06-04T18:33:35.190892,,,
01 (9.0).jpg,f18a7cd2b382c8eb0d327b375895894eca6c316018669cfba7e7af32b2327021,4712412,2026-06-04T18:31:14.214392,,,
01 (9.1).jpg,f2a9e5281af2bb15b1c683e758784b943ff238f0b24683fd8ca91d7ccea2292f,7299989,2026-06-04T18:34:55.902564,,,
01 (1).jpg,0aceeb08d69efeece40e97eed83c09aebf8a36034887d6992e39fae7cb1cc6ff,1866716,2026-06-04T18:34:47.375179,,,
01 (2).jpg,59055fda35bd941e0e936005a7e53fa367a0d8132b7cc2622364acb1f1e8c122,1887515,2026-06-04T18:36:11.075193,,,
01 (3).jpg,73f0c27e902810b5a7a6d080437c79f912f065b3fa04b1cb616977dd7a716157,1883608,2026-06-04T18:36:20.889127,,,
01 (4).jpg,e01c1641df550c13ba554752d447c6aeed9990355225bf305bd86f921412d9ae,1783903,2026-06-04T18:37:05.461407,,,
01 (5).jpg,d3de3816f2732d7512e1a9d54b071e43b179ebe6fc72b774c57d29ce62f19f9c,1769098,2026-06-04T18:37:15.424836,,,
01 (1).jpg,654d6a0a6856b46d42052229d5ca46e4df5d24c2a8a720985efce52b3588a086,5017016,2026-06-04T18:38:41.026589,,,
01 (2).jpg,9e204429a7cfd8eab636537cebfb030e83bc88256a3ffac20af49a3f1f661146,7924677,2026-06-04T18:40:04.010070,,,
01 (3).jpg,6912e2a85effe4cbb08c679a083ce9011d12f053bf08d05257e63d38279c82af,4331380,2026-06-04T18:40:17.122558,,,
01 (4).jpg,c22371a4c68062ea245a7a5c1ef6978e09bcef9b62556cac29873037a31de6ed,5298578,2026-06-04T18:41:22.200456,,,
01 (5).jpg,6b37cf2173c374983eafa750ba06b40af996f70da182bdd119616a87c56162e2,4943589,2026-06-04T18:41:38.742600,,,
01 (6).jpg,cac76f9be3f2182588db5f3d8e1d7da28eab3634278d1278eae056a72cda3b80,4220215,2026-06-04T18:43:23.278878,,,
01 (7).jpg,282b6975406a723655fdc90826a9bb3111eeb5bf0558c203c90d4efae3d33453,2725807,2026-06-04T18:43:14.753856,,,
01 (8).jpg,2d264e7ce358bc70dbb5f76ba006fed9da3bc774236835dba1653109c5721e5c,6840564,2026-06-04T18:46:22.739388,,,
01 (9.0).jpg,c55fa22d552bd5fda77ff349641e8640cf4dd39a2b5d29388c688d6ea5eb5366,5055265,2026-06-04T18:45:53.626483,,,
01 (9.1).jpg,27cc3cec9e3f2a5d993eb2d5fba4a393787be71808eddd18e3711e931b70148b,5959112,2026-06-04T18:48:34.021224,,,
01 (1).jpg,3d0bc60ab87fabfe840764c5db969014ce6abd095452c23fe9dd336f851f75b1,5067925,2026-06-04T18:48:40.267375,,,
01 (2).jpg,4a06c58885217079153b87231146624e38240ae7805130c4c116ad4a59c8b463,4635083,2026-06-04T18:49:37.309330,,,
01 (3).jpg,fcb900eb042186e0601011ae456b25c90384b2d55d6f1eb05559e1c8b1c5e33a,4728076,2026-06-04T18:49:39.979934,,,
01 (4).jpg,2cbcdc7fd95aca6fd0aca8ca7c6165f5b2ab39785465a26ba04c8649b5cbcacc,4336248,2026-06-04T18:50:42.712196,,,
01 (5).jpg,156e0af8ccfe78a5605d76eaa839808197d1ac095eacfd328c6ea028055553d1,4095256,2026-06-04T18:50:45.544801,,,
01 (6).jpg,884078ef4a0b4825d011da40a581a45bdfad1ed0125716bdc550e4efdc6f0202,3989797,2026-06-04T18:51:34.750222,,,
01 (7).jpg,c14fd1773a129d93d6ef9b8f15b1761a0be966706949c6a62a451461c5f57a29,3629386,2026-06-04T18:51:35.936898,,,
01 (8).jpg,1bed625d2335e9e9022ef85b57d7eb8f8118ecfd4fdfdfb5bfd2e96fc0906d72,4045405,2026-06-04T18:52:45.953078,,,
01 (9.0).jpg,d0ed4ef73e130e2d6b49fef31e9c18fa7721e822cb1634431a4a12c05d2ea314,3935625,2026-06-04T18:52:48.323683,,,
01 (9.1).jpg,3c343d3218eccc613240d1a9051fccc903aa7d6497491103f75b8a7f1218f09b,4051004,2026-06-04T18:53:33.868021,,,
01 (1).jpg,71d3f58896f1ef9a89b184f10093908821b3b82bc33aa27996631d36e423df24,1490243,2026-06-04T18:53:09.967355,,,
01 (2).jpg,2b64603ae19d3c798c8986d9ff73610dd28b7b3eac2d691febce529e9dcb183f,1500231,2026-06-04T18:53:32.673187,,,
01 (3).jpg,1e3ee6ec9748afbd7efbcd73dfd83d0f67574fea9313bd403d386766347e18d9,1497151,2026-06-04T18:53:48.988508,,,
01 (4).jpg,fde0ee609d026610022a054027f6d380b946d251f3b8157197261f17b6c2de71,1499938,2026-06-04T18:53:55.050258,,,
01 (5).jpg,47f54837bd00c21efed881b93f6f9b8d76aa41470131dd2563cfd10f57785384,1516464,2026-06-04T18:54:22.774926,,,
01 (1).jpg,ec919590f27b0190e3235e481a5d1928015c009fa16c8a1d58329dec81c94760,2665808,2026-06-04T18:54:47.432851,,,
01 (2).jpg,9a42606c4448cd05eea452d3f953489ade11bf2b319f7810b05532d19e6d35c1,3326959,2026-06-04T18:55:09.041573,,,
01 (3).jpg,5e87d862f121ceced1f4d450c5b576ef6ead653500104c1a5119285ccdfcc5a7,3679532,2026-06-04T18:56:00.074509,,,
01 (4).jpg,0a203dcfff7252c6b6eed282e54950b7d1e912a12d683d92b4344cc7e4f8c506,2330593,2026-06-04T18:56:24.469769,,,
01 (5).jpg,634cb3481a0ae45f75a8ea4c7db56e1de61064de2c3e4e370f4ff2e2119e5ef7,2192048,2026-06-04T18:57:00.258179,,,
01 (6).jpg,26e6b47bbcd69541823321ec046557fd2c64123a8d16413b68f522a622804951,4382144,2026-06-04T18:58:21.754091,,,
01 (7).jpg,e17b97d3ebc54c30f898778f01adb529627863cc4e5b3986a05a2d3d01020f00,2626619,2026-06-04T18:58:27.814370,,,
01 (8).jpg,83d53626efd2853bfc619504e0fea5de6b929df165783533a23d6c22db550604,2920088,2026-06-04T18:59:47.010963,,,
01 (9.0).jpg,3483f43a723761a04e1c94296516b6853765008fc3767abca8ec9546ca860d07,4162570,2026-06-04T19:00:41.861416,,,
01 (9.1).jpg,b4e78bd9e0b602258ac34509acd0f6b5377340058e7f62cb0c1f215b477d3ba0,3329205,2026-06-04T19:01:36.240944,,,
01 (1).jpg,e2a9880779482b2b4a7a8a20edea78bc4a9c63318a6116005aa39650b7e4b4d0,3883466,2026-06-04T19:02:22.226252,,,
01 (2).jpg,ff6227f007126f57d166d788296008d70ed2a07b7d1959e05aaf5c8c07bb7c0d,3539873,2026-06-04T19:02:47.959369,,,
01 (3).jpg,79bb8d43282c1e43d7108a99aa439e14e6496145ef668a51d8e2ed223fd063ef,4117035,2026-06-04T19:03:36.935001,,,
01 (4).jpg,5bda819d646d4a26858e039ad3e3bdbacdb4eea7e535bd4bda42167cd58e63ef,4230743,2026-06-04T19:04:15.134114,,,
01 (5).jpg,80408028292bc5e94977a708fc7cf6c30f9147cd0de4a180a0ebfc3e56268399,3734356,2026-06-04T19:05:01.946392,,,
01 (6).jpg,ab64a70b1788d89ddbe3334ae44aee3684950ed8814d35e7308bb3e60013d5fa,3695181,2026-06-04T19:05:36.771305,,,
01 (7).jpg,3f7ed49a11febf161de6ff2b1a1abfbf1b9ab397dbf53fb9ae67f33e3aa6539e,3298552,2026-06-04T19:06:18.997980,,,
01 (8).jpg,16f17ad8d33435cdd7e3eaa811ba9f6d99f630cf15d773e087288ec3ffc5c905,3788548,2026-06-04T19:07:02.445956,,,
01 (9.0).jpg,8b31d90f2eb8c7b70cc425bdf850be2f53b05aa8f0290b523bfc0544297f6e39,3849248,2026-06-04T19:07:44.407774,,,
01 (9.1).jpg,d9da15a3c0a05477ad3da317baae23b43838234d3c5505a3f002689aeae20072,3862308,2026-06-04T19:08:34.318308,,,
01 (1).jpg,442c00a9166e58f471db05b12bc4ac228b80d6ac944e119bca4a1120f3dc8973,1527394,2026-06-04T19:08:34.063744,,,
01 (2).jpg,44a9baeee5a104fc19e970b45992cd010e82414fcda3ecd31b396df1c25e634e,1462157,2026-06-04T19:08:57.551917,,,
01 (3).jpg,a0a9832fc92f34a4ef14c2a92a2366b809043f003729710c494931aa8456fb53,1457956,2026-06-04T19:08:59.275318,,,
01 (4).jpg,39fc906b83d5b882f2e8ba65eaf0e9a5f49d3283ec89e7c8833d51fa8272398b,1551649,2026-06-04T19:09:22.882954,,,
01 (5).jpg,2feef759a8c2ff034e38228697d123c84d69765b53f916974ec8542e319003d1,1587988,2026-06-04T19:09:25.967419,,,
01 (1).jpg,08a9cf29d41e78ce98ef70b15650adfeb9d3670680c449134f617c9fb8322e92,4029160,2026-06-04T19:10:38.338378,,,
01 (2).jpg,5ee2a27928be92b9c7b83bad1dfcf71f471f8cd77b298e3c792a90d14e0e2bd3,4417796,2026-06-04T19:10:45.029926,,,
01 (3).jpg,70baa36a9c6247620be493ca66f26fe8ffa84ba9106aca3e8c24e2543f0e02d9,5190606,2026-06-04T19:11:56.960502,,,
01 (4).jpg,1d1cdd9ee8561743812687a5644da8d88874bf443910b373b6079d19cfeab2f2,4896870,2026-06-04T19:12:00.940261,,,
01 (5).jpg,ea3a43a570eaf4a02d876c19a3945aec8a728ef87bc066e23a274043aa62f0af,3914086,2026-06-04T19:12:24.606156,,,
01 (6).jpg,10945bf6d85b4c8ef4f31f56f272f203c4153c78c3ce439228474258b92cd277,4724313,2026-06-04T19:12:49.731865,,,
01 (7).jpg,b6b57f42f18f87c97221e8211f875214dabb86f291a53101fc123566d1d92953,4482769,2026-06-04T19:13:37.757961,,,
01 (8).jpg,94ba8a43e5530cfd383e563eb1b843090c674680b2a0052ee3692e646a5a1bd1,3361569,2026-06-04T19:13:39.242866,,,
01 (9.0).jpg,cea664b3a40f8f3555c159784d998904037e9a00fa1ea85effa612ed3b102075,4014885,2026-06-04T19:14:11.130800,,,
01 (9.1).jpg,37afade211ac2d6ec922f18b0d1c9d097b67e025267405bec4eca22b6e78368c,2593169,2026-06-04T19:14:07.020570,,,
01 (1).jpg,f8851680bfd0d0e1cbec740550e955f0dba3b8911864c719713555e5db834993,5336251,2026-06-04T19:15:11.497156,,,
01 (2).jpg,8413c368a066ae63889329800c99d7ba87725718aad6bd5f0031381b6c9365d9,6082987,2026-06-04T19:15:38.783595,,,
01 (3).jpg,0c06d0226ebace817699ea716594202ea8f0ede214bf5056a5a9b87a2856eeca,4839049,2026-06-04T19:16:41.712196,,,
01 (4).jpg,fd707e021708ed6afc019b3996dbbe8a34b26da4a7b6e0585347479fe846e734,5046048,2026-06-04T19:17:14.482825,,,
01 (5).jpg,523b920ef719b10b8d116c4747575e26b9eb5f8aa112afae359c93f9b2d2c87c,5198065,2026-06-04T19:18:06.998200,,,
01 (6).jpg,6208963626697805e252d13c437e60ce6e0614d466f85fb74ddc945109c47af3,4727868,2026-06-04T19:18:28.287397,,,
01 (7).jpg,a9ec11f51c072a5511470e946fdefa7df8231b902f7acbdbe316603d8a611e22,4843235,2026-06-04T19:19:13.624646,,,
01 (8).jpg,c27f2649e8a2956ee76e790d59609adf4436c9ec194d5ed7d5837b044d7c3eca,5183640,2026-06-04T19:19:20.710601,,,
01 (9.0).jpg,0730a685228ddd987c7f6c8b3696c851fc78466c292bd4bcc4aeb8f63c86e70e,5202751,2026-06-04T19:19:40.031669,,,
01 (9.1).jpg,41e35fe1ea4cf1952ec3730dd524a6f253a02fafad00ddcaf013acb9981c2072,4623913,2026-06-04T19:19:59.800626,,,
01 (1).jpg,92b71b59f08b42c92f00c75e0081002a437b6db2222a10b12222eaf0a282e673,1421673,2026-06-04T19:20:00.168621,,,
01 (2).jpg,1015f4f63d54952b6519d712477fe8676ecc9346a52af5dd4fc66b5c1633546f,1410107,2026-06-04T19:20:14.682923,,,
01 (3).jpg,8bd671dea01c03da8e70d0b391be2d318070d25cdd102f2e39f4e8075612d456,1408189,2026-06-04T19:20:15.433639,,,
01 (4).jpg,3cfa75203e3cf74f9a0f4f79661502f883404737742d63769f5c953599e28bb9,1417683,2026-06-04T19:20:32.734449,,,
01 (5).jpg,df1aeb4cc70863b5e856367b208de26e75c61776e115c84afc1b6f938771bd16,1410608,2026-06-04T19:20:37.305598,,,
01 (1).jpg,b10535ceea1e4189b37e9bf65843b0594b4f0bb4ba095325bcecd468a56d7da5,6019265,2026-06-04T19:22:44.004436,,,
01 (2).jpg,947d2af6b30b81126ae1d4e8fe524f68b3781542db21c6bf40a7219aee84d3f9,6300558,2026-06-04T19:22:52.528531,,,
01 (3).jpg,d16d0ac74d14436fd9ea60e5620bfe44159409a4ebb18c9c94ed9b3141198950,5054435,2026-06-04T19:24:19.698386,,,
01 (4).jpg,09924c17035bd7023857cfc02f78712e47206e4fb30ddcba36b0d56cb6aaf4f2,3250569,2026-06-04T19:24:15.294824,,,
01 (5).jpg,7955c66172eb87b546c34627b93ccf81b408805e867aa676cc9d9e6309496899,3810066,2026-06-04T19:25:14.616831,,,
01 (6).jpg,cb67a11e947adb7101946e3a627ccee610b993e95a0d924f331e86d519670be9,2876547,2026-06-04T19:25:13.996536,,,
01 (7).jpg,db7ea54c8f2ecf86c26e408a5d683f99598f86b771a075a0b8bcf069fb8f8ed8,3028362,2026-06-04T19:26:08.471059,,,
01 (8).jpg,b9221f7ca466b7a0c3b33a226f4e7c045d16ffe23e7bf75a631d09eb8e12b02b,2729210,2026-06-04T19:26:09.369222,,,
01 (9.0).jpg,735405fbecb33d1f14072dda586263216c74705674fc335ce45f9ef68f4b3902,3165418,2026-06-04T19:26:58.471336,,,
01 (9.1).jpg,100b27f963f0e22c30848dde2a7974f5b4879a071d87a1f7c06141b187b53f33,3398262,2026-06-04T19:27:00.885023,,,
01 (1).jpg,9b24dc43ebc4e9ba2b23589725bbeaff7fbc119e400eaf41b6747ee9ac70823c,3771103,2026-06-04T19:27:08.210862,,,
01 (2).jpg,080cd2ebf5304e621654a16428deb3a0039fdbe3ded6fce49866ade21d4c3ac5,3743678,2026-06-04T19:27:09.317621,,,
01 (3).jpg,c7244a1c6af8c3511b037353b574f7a8e93abeb23c3393b8b3dfa74749dbd1f4,4187442,2026-06-04T19:27:21.435020,,,
01 (4).jpg,49bc0bafc6aecc904f7a284d6f9c5ff6b24caf0d151c308a304b79b4e495d535,3422288,2026-06-04T19:27:20.940201,,,
01 (5).jpg,adffeae8868f5eaa16e93a4ca878b4f8a6c3b4b10c91f2a76b46885749dccace,3889713,2026-06-04T19:27:33.730630,,,
01 (6).jpg,95a928ddaeeb5e58bb6a001d1fcb451c8c51e0cd0d9e0e03ab8e022fa4be5032,4510188,2026-06-04T19:27:35.431576,,,
01 (7).jpg,129b135e418342853ef29d87bf36fad6bb428a4dd37cfd59c07296d974f05371,3508674,2026-06-04T19:27:47.029310,,,
01 (8).jpg,bbba0fc44426b67baceb76096dc4620d22ba38373e665863bf46eb9b0d141061,3824752,2026-06-04T19:27:50.477269,,,
01 (9.0).jpg,fab7c32591421e0d9e19e8df7239c8550345ff476fe3cf50c1a9ab3f190a0f54,4595710,2026-06-04T19:28:02.803611,,,
01 (9.1).jpg,9b78665a5f3d162760a4bd35d420aac18ed24ef91ca1ec691797c590e2531541,3609831,2026-06-04T19:28:02.912033,,,
01 (1).jpg,1edaf9a2fd4e84561d4ff0d66d0a32fa9f796bb162e9d7c5e2d80b6b40bc9048,2557813,2026-06-04T19:28:10.277539,,,
01 (2).jpg,84be21853a83daee39580653c65106d0a3a1184adb4ae46b5e5dfbbe66382901,2608366,2026-06-04T19:28:10.649125,,,
01 (3).jpg,45262c9f3a1a59cf5b28f2a8747337a96ee0927600e85ba5122c8378ddd10e28,2614122,2026-06-04T19:28:24.437552,,,
01 (4).jpg,a330b2449286d45d62d9ec93c7ce9459712dd52c4ca45c63431e40789de6050a,2410859,2026-06-04T19:28:24.116627,,,
01 (5).jpg,7314c5da9d833052756310d8c60f50b9c3bdba890be186ec6054d29ac93d9f00,2517472,2026-06-04T19:28:34.817722,,,
01 (1).jpg,be3cd11ea5243c3d0c47eb93d8afbe34c728a7efdfe337066f3ae6df4e707c35,2729082,2026-06-04T19:28:36.173684,,,
01 (2).jpg,12927b7f49c40f8a711bd64e51636cfca4a49e095a25015772b4ed1c16c1924a,5673575,2026-06-04T19:29:08.892068,,,
01 (3).jpg,c35ab16c04a6a7ffdb673cdf5deb977e76bb75d2f8651ef7518a256ceb458b4e,3566982,2026-06-04T19:28:59.406752,,,
01 (4).jpg,75a9a5e1ae31c14e4cd5f05ce89cf47093ebddf909bc14b46a41b5c020efe5fa,2704968,2026-06-04T19:29:23.744563,,,
01 (5).jpg,286d905aa6f0e96f6e0d8a6ba359588afa057faa81beb738230e6d7fba905dde,3199853,2026-06-04T19:29:38.969432,,,
01 (6).jpg,37e88c4969a12a228a450022cac72d71a98d61e2384da01bb7b95780b35ddd18,2434949,2026-06-04T19:29:52.273627,,,
01 (7).jpg,87ab80f70944df9f18a5429a4c079d7fdfb076a3a430b8f85cd5b7088ad46807,3424996,2026-06-04T19:30:29.217451,,,
01 (8).jpg,926c5c455b3cdd172c1396a6205625b11867c0385793c680e0a2fccef3721fd6,2356220,2026-06-04T19:30:32.368254,,,
01 (9.0).jpg,7908a46250b7f950d1da222c3db6f0c1135cda532a57535f6e793827af5d97ba,3089476,2026-06-04T19:31:10.846765,,,
01 (9.1).jpg,a1b2936364e897d86cc8e59156f0d27893b4eebec5196866987495fcb82c1cd9,2461761,2026-06-04T19:31:11.956138,,,
01 (1).jpg,f31a1d55012812b158bda1ee49bc8442a6e86b177df0b8aea4c2243259dcee9e,3120426,2026-06-04T19:31:26.200691,,,
01 (2).jpg,23cc849733097b067c04db9226af60187a5a775525205b53cc113898d455f80d,3419845,2026-06-04T19:31:27.300173,,,
01 (3).jpg,98ec87fb15738ad9cd00055a310ddcb3e63449e855df7210974d62ba7aefad40,3866348,2026-06-04T19:31:34.491910,,,
01 (4).jpg,8d5fd1949b87c24a15da91af7b7438603d5a5dacdc8e4d2e3a62ffd0b889dfda,3832908,2026-06-04T19:31:35.453819,,,
01 (5).jpg,807a38507e949c8712cdf464236b82b53e270514f8ae78c148c2ffb5b8d9a603,3267869,2026-06-04T19:31:42.698217,,,
01 (6).jpg,eb972d5e42802f3654e9f2dadb29d700e93e2e91cbb7015c0fd629d5b2f13b4a,3602300,2026-06-04T19:31:44.691151,,,
01 (7).jpg,45297dff15f7147dc19535e1dcbec57540d0538d2967bc3dad1bd46780116d53,3341678,2026-06-04T19:32:04.771116,,,
01 (8).jpg,0bfc7ab60f54933d3b65c53478e57d798be4d5b0981600fc5769de8bcf5f4fda,3344308,2026-06-04T19:32:09.914291,,,
01 (9.0).jpg,6feaa255613bcad2afba23dda93507e3b659f0552c20ea201d0180badaaa84be,3665403,2026-06-04T19:32:47.740677,,,
01 (9.1).jpg,3877e3762dfa4e4b2907d1e8300acd9f0e322fcb181b46bb5bd270589e9250c8,3907757,2026-06-04T19:32:51.539915,,,
01 (1).jpg,b75c66cb5e0f9d74b737a94a111b5d7825b91a925a4578ad628b4b20214be394,2303044,2026-06-04T19:32:58.195697,,,
01 (2).jpg,ffc101dcdac91875b9cf0abb9fb6b62540e102fe2e07fe457a99f2cc0cd37a52,2189427,2026-06-04T19:33:03.162892,,,
01 (3).jpg,3a793d729b1296120823c60fb4ce19870bf20c9ae8bf5ec3e2ffa3ebf8c42aa0,2272823,2026-06-04T19:33:13.565727,,,
01 (4).jpg,94d8c43b58c205a803af9c21d0fd715d0d167183fbac119045b113d04cc55676,2226145,2026-06-04T19:33:20.309085,,,
01 (5).jpg,9f73cc7d6400858527c06c33fb9d829e65cc131c6d81794e99762d8717731fbb,2222045,2026-06-04T19:33:33.629215,,,
01 (1).jpg,e0be5c30ee8a4b11304453b7e37131ab74af2f3834d88d13ef6014e685f95b62,2912391,2026-06-04T19:33:56.661106,,,
01 (2).jpg,a5614c4dd2de07f74c0283986ce30aa49f4376d5637b5948c84da4b5da4683ee,2574747,2026-06-04T19:34:02.775967,,,
01 (3).jpg,1dcfbcb5f779afa7753f0b5642c436437c79a197973184273158004c4013c736,2160001,2026-06-04T19:34:10.118049,,,
01 (4).jpg,da95ec1a46d55698e1cd24d5317bb0c873569225b6500f2b04a7b8841623950b,2398917,2026-06-04T19:34:17.830632,,,
01 (5).jpg,fb5d30c29964d3875117586382edcb670141e8ce5871e0d8b84fa05e8fea56f4,2256912,2026-06-04T19:34:24.073345,,,
01 (6).jpg,253081c7ba8e9797cfcf9f5fb613c42a8095dff5390a36e7c5a7031d8058a5d5,2271949,2026-06-04T19:34:31.696646,,,
01 (7).jpg,ad608a1211bfc0e9ef2be8710d4962d2189e581e305cdb20086ed1edbf13e979,3752746,2026-06-04T19:34:55.636559,,,
01 (8).jpg,99b8661c3297a2652870b19bff0fdf339d79f05c87704ac6767236ea18d8f2c2,4547134,2026-06-04T19:35:06.420544,,,
01 (9.0).jpg,bcce8b6a0d54ad740fae1c47655b4c9eb6dc357b2b3be7060c1035fed2eed6ac,3882848,2026-06-04T19:35:33.709667,,,
01 (9.1).jpg,00b8d810a5a07563ac8b52c1e87a01828788c000ef57767880bd8d8ec4de0929,4161559,2026-06-04T19:35:48.294730,,,
01 (1).jpg,e5a77beb1ea771c816fc73b73663357d25222745444580bb73e21bd4a9209c15,4579251,2026-06-04T19:36:00.928838,,,
01 (2).jpg,c82e8b97ea3909dd92b9a738fb3b2507254af3d7c0151497517991e3075e27de,6341028,2026-06-04T19:36:26.495845,,,
01 (3).jpg,e64415dfc891ddb27300896fccf02aa0b28c1d1aba99beaef40254f6c94ae898,4191986,2026-06-04T19:36:29.117125,,,
01 (4).jpg,e40b1fb00b3d885713074791e64f4b2156e3970a6de49ec846e581434794db5e,4936004,2026-06-04T19:37:28.918650,,,
01 (5).jpg,a7efd534397ba7b4a90b9bf05ef4a9ee4f89192b1cbe9bcf4f0bb23abc500fbd,5095684,2026-06-04T19:37:36.595056,,,
01 (6).jpg,4c964bf8b59b45033b178ee6ce2db9a0af367343ff54db31b4f8b10f6dbb650e,4773255,2026-06-04T19:38:24.598159,,,
01 (7).jpg,3eb0899579782cfdaededdd99c94a3f9bc288c4afa6398e04a1c7b133d66743c,1574358,2026-06-04T19:38:04.920358,,,
01 (8).jpg,3952ec5a0afab845789c99fc94b6cd6561d3070aac75862ecf755f23a3a6025f,5813517,2026-06-04T19:39:11.919203,,,
01 (9.0).jpg,2a9a22cdd750368f648e4aaf1f262597bb0662fdaf792bb5b6fe3e6b6c90aac2,5193563,2026-06-04T19:39:29.957051,,,
01 (9.1).jpg,c8db021ef7463ead2ebf3beeb03c6cd004e6a2703fd3548086dfac8dd758c755,4453692,2026-06-04T19:39:44.461492,,,
01 (1).jpg,342804c6ca757db0f77ae084dbd01e7fb09d3a38a9ff2dda3b649138f4aa6481,2616781,2026-06-04T19:39:42.417580,,,
01 (2).jpg,61305b9d5b015776a1fb51305195309324f38b8e1238bdaca393f9e00cd4881f,2694988,2026-06-04T19:40:07.232485,,,
01 (3).jpg,46363d785e42ca50c148521b68edf96da6b4d92c632fc869871e89506f1808a3,2583077,2026-06-04T19:40:10.401095,,,
01 (4).jpg,7aefa972d10e418be87326918cae82c98c557a725e97c20967c05c4e6696d8d4,2547419,2026-06-04T19:40:27.336040,,,
01 (5).jpg,964c3af26ef0966b2369eafaa5279d4bef1874f9fe3905d965a9457c0a9f0a1b,2663195,2026-06-04T19:40:29.947225,,,
01 (1).jpg,f68f35b9d5d83cf40bdab119b084dee6f4d62916ec0e6df5b24c6ea529ecb742,4789693,2026-06-04T19:40:49.307845,,,
01 (2).jpg,f4c5c9827ca8dfad86ca54b5002f9aa8b47cc0f91b605ddf8388c9df50c12d39,3650418,2026-06-04T19:40:49.455151,,,
01 (3).jpg,0db376b09715f6a04705047f944c4c940d6d0324c355831eba7fb85d7990ad3c,3848323,2026-06-04T19:41:07.689566,,,
01 (4).jpg,61774f46673c20518bce11edbd38411c1c03a40b96d288ba8315b542b8f341e1,2975747,2026-06-04T19:41:05.510102,,,
01 (5).jpg,0996e593237dffec44122bf915c51aea18fbfa6f6d596e456604a2f4d8615974,5274029,2026-06-04T19:41:32.052445,,,
01 (6).jpg,4a3140c9bc819fc2fdea09cd2989d4a13ddce0a41048cc6374209008548d87f1,4463323,2026-06-04T19:41:32.523699,,,
01 (7).jpg,45a2d54ee04c556e79896143763ba502e7d40e3483c930996d8f7376995e9568,5377622,2026-06-04T19:42:02.070633,,,
01 (8).jpg,f0d35e1d21711e3bdce11249986c0b5b4fbc1c424cc9d38d9c95cd9a4e5d0996,4870264,2026-06-04T19:42:01.461967,,,
01 (9.0).jpg,8591954724320c88ef5478731b55c2d64cdd2c80c1a28c3c7c9d030eacefd4a0,3259171,2026-06-04T19:42:19.400541,,,
01 (9.1).jpg,c5e75dd81153e5ed8ed7decbb4a2865b028a00d9f29f4bf90540fc27eaa5b774,3688285,2026-06-04T19:42:23.383324,,,
01 (1).jpg,61c6bcb937902c396a5aeb9b03aa1efa38f96df67bb294ae5e8ddc8282384a53,3725054,2026-06-04T19:42:39.726867,,,
01 (2).jpg,3571f8d77e6c1d15cc3613d591d56a6e77accb1b10d9a35c39302524b3457707,4154934,2026-06-04T19:42:42.798405,,,
01 (3).jpg,083fe49a5bd838ed3a616b4dc28a6459321bfa6bda4b9731ebe50acf5b661d46,3972222,2026-06-04T19:42:51.422385,,,
01 (4).jpg,473111d5de8cf258903f62f630a8dc7c9b36b42497d894040a3a391a033e4f60,3832969,2026-06-04T19:42:53.806090,,,
01 (5).jpg,81e22259fad429404bd22bb6153d027fd2b2f14d6a6b38af09d638e5f0f4831f,4057918,2026-06-04T19:43:02.089193,,,
01 (6).jpg,f0afc1d2fbe72f127126c865ec93ddce149fe5bc68cb6a3117a8ac18d5c69e31,4113848,2026-06-04T19:43:04.980246,,,
01 (7).jpg,5c7fea21fc0260666ee35f982c1466260215a1b3921fc4d6f15d9eea08d74bf5,4164502,2026-06-04T19:43:15.880754,,,
01 (8).jpg,f4816e40c68382b7b131f9bb6fd6acc8f5eca99027edf4cbf91c34d22c88ed4b,3582571,2026-06-04T19:43:16.790596,,,
01 (9.0).jpg,9a714768efc9e7210839296b14f133edd47c462fccd488fb1a7df2ca301d0419,3582122,2026-06-04T19:43:29.809741,,,
01 (9.1).jpg,5eeb19bfc5f2b426e69f4c4aa802659c1cde86d737b06a397364d5c5bed8c44b,4374188,2026-06-04T19:43:33.344024,,,
01 (1).jpg,db668ffbcae0d107bb0a2040f4710341bcd23794126a1f135c6d9a6bd62c1417,2911339,2026-06-04T19:43:45.829532,,,
01 (2).jpg,4088c205aceca3a3418ef1deeff2830a53354ed92cfb6a0ab5b94cc3170c8b82,2921082,2026-06-04T19:43:50.453570,,,
01 (3).jpg,6d219382e2d39f6ae2022ca37425194073166ae94256cc9e21f881a2b1483c0f,2720599,2026-06-04T19:44:02.688989,,,
01 (4).jpg,6afb2046ebe920376f9f36bf883834fa4e74fd91bc62acd996a1eecf7cb7c2ac,2881744,2026-06-04T19:44:05.585869,,,
01 (5).jpg,f93bb2cb681a90092d88f0fed3cbc4f1c7961ea76f04cd5b3fcda0e025d40c07,2716297,2026-06-04T19:44:12.210997,,,
01 (1).jpg,fa9e68ad0254eca70c7a385bf31bd81a09079afb7da5680a30796410d9ac68af,3574789,2026-06-04T19:44:23.045654,,,
01 (2).jpg,43c2957872ceb0c075eb4d5e1e428b01e4070bff48042252dd4e1ff94e239354,3734394,2026-06-04T19:44:37.023899,,,
01 (3).jpg,54013334cc23d95bd479a0c495f51c3a3fde11d14d3c8ea9c2e7d94e6892b3b0,3667532,2026-06-04T19:44:48.334442,,,
01 (4).jpg,9740399e5a90223a32fb4722b792833fc3c1ac72e022f470796ee86c64d6e2fd,3405096,2026-06-04T19:44:56.652105,,,
01 (5).jpg,8a5bd03f8b67e85d1521f6f02688ac52bc39ca1e9103ff51d528d4641e2da0b4,7921336,2026-06-04T19:45:17.739900,,,
01 (6).jpg,381cf08056a8408069a0126a462fae6389c70deabbc7eded3d64d30ed747ec99,4752151,2026-06-04T19:45:12.766281,,,
01 (7).jpg,fd3fa32b569cacf0216091ccea2339e4ab9b7a82d7026fac4460947b16203851,4666095,2026-06-04T19:45:30.355538,,,
01 (8).jpg,857225f0b9333b6f7b92fb6858c4d755221023079220389b197265321ff20ece,4412720,2026-06-04T19:45:36.595646,,,
01 (9.0).jpg,4eccac69c1af98aca18e34b51617e98661740dd6e56fc0d58e1137ba8fec6cec,3621733,2026-06-04T19:45:55.574679,,,
01 (9.1).jpg,89069be15c3d19ae05f3fa7171db02229d696af302e027432ee0400bee15132e,3247685,2026-06-04T19:46:06.106475,,,
01 (1).jpg,c080aa30a7a695290b8f379309cf477790ba0ef80c2d5cde70eb2062ff170f7e,5242161,2026-06-04T19:46:17.598416,,,
01 (2).jpg,cfb358b00f754285c2bff96da0698ebd6a00cbab8f2766f95a4f3ea47616c22a,5540776,2026-06-04T19:46:26.781576,,,
01 (3).jpg,2c6c25f4b8895fef46d2b402eacb8ef2ab1fc36ebac85354454dc1dddb36f14f,5790537,2026-06-04T19:46:53.833239,,,
01 (4).jpg,922c4a43e170da49b1182717217e8a3ac0c362d9fd89759f25777100079ab714,5498800,2026-06-04T19:46:58.948020,,,
01 (5).jpg,41f2f654c5b21c2351e564f3fa73821a1408948d7b48c3094729de1ec70018a5,5628998,2026-06-04T19:47:33.560737,,,
01 (6).jpg,c27e92fe9101a97c87493b7146515158e4eabeda3ab7574843c92e38284af419,5150592,2026-06-04T19:47:39.579541,,,
01 (7).jpg,3164c7958ae0833c63af5251de55a445473c1ba0fb71f02c4c72212030a656b1,6722425,2026-06-04T19:48:02.897642,,,
01 (8).jpg,d34b065c3cf2bfaf3f944922f01519c765a61ae2538902f306e5579f284a17e9,5292089,2026-06-04T19:48:03.079742,,,
01 (9.0).jpg,4e83f111e21a292d4870fe28945bdd184710ee2c58d8572b56718cbe46e7e231,5767917,2026-06-04T19:48:16.663655,,,
01 (9.1).jpg,a333f40462f5fd19f3c25b79ab94d8772fa5ef1865c54c4be18191124a10c96b,4554603,2026-06-04T19:48:14.033684,,,
01 (1).jpg,a2499e4f59aba11b2965960be55cc26d1e83a030f13d82d031fb193358d2c09a,3550305,2026-06-04T19:48:25.407968,,,
01 (2).jpg,e0645bde5075d90d741f5d1f04dc5e9de8409d2e1f4dd026236fe34257b98d22,3543577,2026-06-04T19:48:28.096256,,,
01 (3).jpg,b1a2c8c0cab3b46970c7cd9bdffed8f46302306c4496f16b56fa6857ecce81eb,3543199,2026-06-04T19:48:38.823621,,,
01 (4).jpg,f6a472bf69faec23efc1d3ed3888643a1a8002280146fc3a054f48422ab1632d,3524954,2026-06-04T19:48:40.566972,,,
01 (5).jpg,eb878716c5433bcbb769412e2175e2c87bf0d28a08ca8396f5660963d81bcb5c,3536717,2026-06-04T19:48:58.495679,,,
01 (1).jpg,9109b19da326538f9f467c4cf77b66454face29a1b52570f7684094f3d9774eb,5113108,2026-06-04T19:49:08.134777,,,
01 (2).jpg,8aeb4d4f4e5e1889aea6e7ca2c6a24da92c99dd570f024474990b63ddbaea6be,4420843,2026-06-04T19:49:25.527525,,,
01 (3).jpg,d9a04a20d882451b94417011140a072a462b95264f3c1be0d1192b68f385f0d1,4756340,2026-06-04T19:49:39.121142,,,
01 (4).jpg,d03f7ee1087e32917c3996ac4ae659c2f4d55c1fbd25dcbd35303b937bd1a8ee,4559470,2026-06-04T19:49:47.785894,,,
01 (5).jpg,dbcefb453e46c7d1f757c3da8715faf6190dca46de16fa9b408377ac6211ab48,4486012,2026-06-04T19:49:51.888443,,,
01 (6).jpg,75cbfdecca90e0cc7d1f88a8461d79c4315222f2ae639b3139de5c42cac316f9,5017772,2026-06-04T19:49:58.287625,,,
01 (7).jpg,cdf6e60ee6534cfeae14ee901a7cb9b1a36539f512996936d6caacd3bf39dc0f,4330535,2026-06-04T19:50:01.300736,,,
01 (8).jpg,f4fe5426b2e12b4b3f0849eb261664165b19fe8b92f0bd2f3881c8ba5dff1819,6896462,2026-06-04T19:50:30.403594,,,
01 (9.0).jpg,bd92a881646257e6ed63b4bdaecb4c8f15504562537d7e63d0904069f2749cb5,5257768,2026-06-04T19:50:29.991385,,,
01 (9.1).jpg,94812ff72461bb31871e3cf987a8e646d79d90d50ee5769aa45b7049bdf6f13e,5490034,2026-06-04T19:51:09.961018,,,
01 (1).jpg,ed4e190db9974fbda950bb6afa12788cf263efb0858bc344af0c2fa621f9a3f9,8007598,2026-06-04T19:51:19.738243,,,
01 (2).jpg,fe5928e2d8ce62f8890e1d8b826dac9613f4544d331a59ae4f50e8c7ab99fe7f,8797142,2026-06-04T19:51:42.241097,,,
01 (3).jpg,1bf161e89f73fdddf8e2692d03f43bf26f4e8076af2c03695fb2a581984a3554,10583584,2026-06-04T19:52:02.607021,,,
01 (4).jpg,bb749998a36a5c88fef67326b0653075987d3ced4a0285a5729fe7a247b326a5,8040526,2026-06-04T19:52:25.782555,,,
01 (5).jpg,74ae7e3c4c610b390e75db9206e0530c321025ac6c98ebccffee63bc8f92d645,7477049,2026-06-04T19:52:48.028961,,,
01 (6).jpg,9bd4f80a3ed01e69f3fe49203fb2622e0d5e80e858574c72fda8414ef23fac80,7185403,2026-06-04T19:53:17.935149,,,
01 (7).jpg,98a4cef28431dfe32b2712babe9840a9ba48b7d379d70bbcf33a4fd8d500965b,7480519,2026-06-04T19:53:51.351536,,,
01 (8).jpg,f0acf60c644add8a3e5343c4d8c28b58de0695f0af809f1df05882dd2b49e21d,8871523,2026-06-04T19:54:21.081229,,,
01 (9.0).jpg,b74dc9ac8e7c53949d7fccd0e589c1fff8d3f833a4e2d8f3b49192aa005fc809,7726430,2026-06-04T19:54:30.471884,,,
01 (9.1).jpg,dcdfa218192b5edc63b98fb6d2ad9addfb9d0205924d16c9cf1d7856b3707d5a,8148330,2026-06-04T19:55:19.377747,,,
01 (1).jpg,57d09303f2cb8b4df97d814d3f09c5d0716668b31ad0d4440136efc43f2400f1,3485289,2026-06-04T19:55:00.929390,,,
01 (2).jpg,cc850fed44b00c6bb067fb90e82261a35e4f6e76fb22ba2555d6e8ec512219ef,3899207,2026-06-04T19:55:40.068940,,,
01 (3).jpg,d78e64e3bd526f028aa533f6236e652df922f71685a8165f95aeceb460bb96eb,3391815,2026-06-04T19:55:50.323434,,,
01 (4).jpg,29f71b62a0939c1df65b77a02a4ad7481ed7ad059f03204c609752d9301e6b80,3612535,2026-06-04T19:56:12.690388,,,
01 (5).jpg,a588b6bb482294f13c0e7d8630dfdc6b2a6643f8242d828dbaa7fa65bd412fdd,3109895,2026-06-04T19:56:14.848245,,,
01 (1).jpg,76d7872b1df246aa706e8b2c67cadcd821375a6744751c8efc464120e5eb2c94,9434085,2026-06-04T19:57:24.580472,,,
01 (2).jpg,40467cf330ee0feb457fcc3e03ffc816d439ba7343d81d52f61e99291b860357,16397959,2026-06-04T19:58:07.180695,,,
01 (3).jpg,919da75efe3331b16eb6baf817c28af94c000143aa36403c1e22b8640ab21fe9,14119625,2026-06-04T19:59:03.786452,,,
01 (4).jpg,02b6a76bf0de8ad43e03ccb9f360eae35d710de01ef38156b2bf338be3ae2cea,18334655,2026-06-04T20:00:34.073338,,,
01 (5).jpg,8d7ed65efa796eb2ebad9efe5dee571176ff89c6a39fef63bdbdbd0e80f1cacd,10659789,2026-06-04T20:00:33.593013,,,
01 (6).jpg,f23e549d7114f70f8619f17c91885e30fa57bb77b58ef3606a574d8c1596b210,8572405,2026-06-04T20:01:15.537413,,,
01 (7).jpg,1e24d13c0b72ca893ab26e83fc333e2fce630fd8d337844bb8d4cbc91cd8b269,9002993,2026-06-04T20:01:16.478454,,,
01 (8).jpg,aaf69dc0f7fa3953c29ae420adb79205340bf5ceb1e660d7242f2d1278923a5e,9459795,2026-06-04T20:01:48.936901,,,
01 (9.0).jpg,d3e2e0d197b75ab9a2d807bb06d21b99f5ea9500813c1ebcde6cda1a03ab5cac,9057491,2026-06-04T20:01:49.456431,,,
01 (9.1).jpg,9cc03a25768562325f708733d0d8e608f4ee8d112b70c9155c1ca3901def2c94,9688642,2026-06-04T20:02:40.865052,,,
01 (1).jpg,04d58b425eb16c38b7deb09b1ab510fdb93aace883c13793a0de53b8d9b6817d,2474462,2026-06-04T20:02:09.306746,,,
01 (2).jpg,29277affc1f34a00c6531a97d3c3d79459f0af8f4e8683070801fe1bea00d0d4,3094216,2026-06-04T20:02:25.102448,,,
01 (3).jpg,63ea5c8731c0f140564d85a00dfe73e933f0f3523b89f0bd6d0941cf31b9ef9f,2693578,2026-06-04T20:02:42.756866,,,
01 (4).jpg,fa15cc895222c477f71c788ddc0018a8a65cb001639267980c141d5e3b652890,3089868,2026-06-04T20:02:55.840286,,,
01 (5).jpg,c406d84a21a374b76ccf95b36bb20fbfae509f901e51fba42834eedf8a8a2f64,3278403,2026-06-04T20:02:57.889038,,,
01 (6).jpg,57990aa36ab67c398bc291ddf5b712c9ce883aedcbaf097a653c39ba756fe38a,3491449,2026-06-04T20:03:08.231078,,,
01 (7).jpg,8bb5b71bc65e0c9d34c23ec490909c60ea0b5879a406fc7233500760db6169d8,4941197,2026-06-04T20:03:13.935841,,,
01 (8).jpg,d32850c31b56dea13ddd6f42115c0c556768c6da28971d93cad00467a58f1a95,2277948,2026-06-04T20:03:14.621988,,,
01 (9.0).jpg,6445c2ee087d2d46518771634f9fe07df4459e1706f8112d2f3650d395d20317,3732375,2026-06-04T20:03:23.973257,,,
01 (9.1).jpg,661613ebe829f778e931f33ec945f41f7487104823b62bdfdc36c9ea074daf38,2023163,2026-06-04T20:03:20.424833,,,
01 (1).jpg,8c2c7fca401253703cb89b8ddbc91f465a7afba9a534d89caaa6273fbac9d58b,3009589,2026-06-04T20:03:30.871676,,,
01 (2).jpg,5e020fc463134aed35440c246da01dbf31b2d13bded2fa32d47dd82037b5f0c6,2918647,2026-06-04T20:03:35.822289,,,
01 (3).jpg,0007a7e3ed691ece0934885664bb80c9834f966873209c64f43ccc1be85443ee,2696032,2026-06-04T20:03:45.497085,,,
01 (4).jpg,9d6ecb964ae70ab350e49725f20cb8cdbbaf5829b9d717356b1c423840ebdeb3,2850360,2026-06-04T20:03:50.966629,,,
01 (5).jpg,f9b9e81cfebd0a5b6f9136e7065eae9a0d578fb6179586c9942a9f3b6bc7304d,2751212,2026-06-04T20:03:58.700566,,,
01 (1).jpg,09f9f5c6d6fbeb071f24cccecc3e62338f31da46826ff4e5ced33cb8d58b6aea,3566941,2026-06-04T20:04:11.876015,,,
01 (2).jpg,23ac3e0adc078687d69813c40c1384cec97c9aedd3d7ebf303cadcc11ce83b1e,4217878,2026-06-04T20:04:40.349428,,,
01 (3).jpg,38e732478396782b866ed94873661e251c49d4e5319e91fe483f95c68c10669f,4197795,2026-06-04T20:05:03.623008,,,
01 (4).jpg,c5f464a7ffcbb53e5a15597af1ad9a67c657ea31f2a1f88b49b127b82a8b74cd,7435567,2026-06-04T20:05:30.056850,,,
01 (5).jpg,b870026c0b4be30a731379503d14b5c3e662e3c8f8cfbbdfad80b95a6a4da778,8635480,2026-06-04T20:05:50.164469,,,
01 (6).jpg,df21f4674928eccc40fed474982b55442b7734518656012cc5151b7ce715d69e,9259298,2026-06-04T20:06:03.127174,,,
01 (7).jpg,16ff5a97dccfb81703d800b006214aa12f33871fac6ce3e2c5f8bc7411af6702,3943063,2026-06-04T20:05:57.985651,,,
01 (8).jpg,af646e49979ee65d78e2f0a12faf23fcb09e9da5b3e2257ddc01d0c56607d9a8,3639457,2026-06-04T20:06:05.796033,,,
01 (9.0).jpg,d5a7efbc9c1e23ea9460407ab9bd0b9cb19ea0f1c23af94fda51a6ca104fe506,3756691,2026-06-04T20:06:14.148776,,,
01 (9.1).jpg,0bd2847f975b81ed590843bacf05ed57567d57a3d28146d2acd5c08c5e53827b,3049071,2026-06-04T20:06:15.410678,,,
01 (1).jpg,17d2a14fe9faf31f83fad8ca965eaf577704f83c50556c5bf2d78d4776ffbb26,2736394,2026-06-04T20:06:21.663260,,,
01 (2).jpg,6e9371bd70af6d4f1f9d2b23789ac85619c62e9e081d6d8febd9be4180a10ee5,2741049,2026-06-04T20:06:23.083315,,,
01 (3).jpg,3067e8ce646d5849b0c34b3f924535d462f3f66eb6c77e1bc67738cfa09ef474,3019776,2026-06-04T20:06:33.127350,,,
01 (4).jpg,b7eac6a6f8ab2b257154424ab5b17ab94583bf9fd8f1369f66b39193c6bd128e,2679272,2026-06-04T20:06:33.991708,,,
01 (5).jpg,dcae8449ffe0020b661590e9c866cd1beaf9ff4a74a25923d166f02aa8908620,2213913,2026-06-04T20:06:40.178706,,,
01 (6).jpg,f2c10a9d98d957ab431da2ede5e0193e20ace79d9cf972e0bdc8ad87d02a946b,1798767,2026-06-04T20:06:40.237617,,,
01 (7).jpg,01568549289d868369aa754806b35304f47ba47f46431ab79a2ab0f79b39da70,4285762,2026-06-04T20:06:56.329984,,,
01 (8).jpg,fc68ffab058aaf863d105bae1f85549a09be10f2d593e3672e56cddda5ec75ae,2660310,2026-06-04T20:06:49.959174,,,
01 (9.0).jpg,1baffc1f02ccf17818b66c1519934f675c76209c81dac5b7353690c9b2226fb7,2492131,2026-06-04T20:07:02.565588,,,
01 (9.1).jpg,5d09ddfa1335f0372990ca6ade01d0413ae3c804f8bdc52c5217fcce545a116b,3194570,2026-06-04T20:07:15.053621,,,
01 (1).jpg,78d2be0c674e5c1e9d8540ad2eaf84569eddde3ef23d1046dcd88949fe7937b5,7781253,2026-06-04T20:07:57.668719,,,
01 (2).jpg,bef886234c46a5f61879b92fe0ba5a59e8d061cb8219bcc76b9c8b0287d9d00a,8218847,2026-06-04T20:08:16.275996,,,
01 (3).jpg,187b6e08c9f94f2bcb3a0d2aac038603602a19de4d575fd52e0894b079a64333,7516967,2026-06-04T20:08:56.412638,,,
01 (4).jpg,903337c8e79f82df83b9280c17019cbba59ba7fea73d9dd6eba077d63f08f2e2,7388192,2026-06-04T20:09:10.110717,,,
01 (5).jpg,ca761867a5fdfae597e1327e8de1988f02fe6c347a9f12e1c8a38c624d5f53ea,6859722,2026-06-04T20:09:22.543405,,,
01 (1).jpg,84b1813656f47bacc57e2803f26750f1b3ee42bdb47d68b2765bc923c5dff506,6571628,2026-06-04T20:09:33.980697,,,
01 (2).jpg,4d71533fac61409f83e107778f613288c2bc589790e58b447ce9803d2cef0cdc,5445958,2026-06-04T20:09:44.312724,,,
01 (3).jpg,9f74929439d3cd38a6d0c70365aeb37a32721e50b2b896786d3907377757489e,5550144,2026-06-04T20:10:14.510530,,,
01 (4).jpg,9087aa9af764ee9cb4c6ef5c4719d06a6c34ee94b9d2df44745af78ac9770fd6,5461604,2026-06-04T20:10:29.355049,,,
01 (5).jpg,ba1f2b21005ab736fa911c5060311258e0d49de3d72f76d922269f44e9f5d8d5,3986791,2026-06-04T20:10:38.452748,,,
01 (6).jpg,9f81623dfcdc7745228c6bb8cfc641e7f101cf38c0b14e946477f192958cd20d,4604940,2026-06-04T20:10:46.845694,,,
01 (7).jpg,db0f6ec7fe118d1ec97f16166f2600734dd9f23a15dd3643f98cce0e48c75cd6,5035165,2026-06-04T20:10:55.254026,,,
01 (8).jpg,0115c8fff9bda26164f95ead76bf1097bfb2faf98f834e5ad19e4bb4ed04a2a8,5332699,2026-06-04T20:11:03.396679,,,
01 (9.0).jpg,dc27df9583b3afa55e584b1ad016bffcd1b89ef8d0febfed57360130268d02f3,5704156,2026-06-04T20:11:12.744092,,,
01 (9.1).jpg,196027d4c3ae4221109580f0851deeffc775405d856b8ca33d51248c66cf7a0a,6482753,2026-06-04T20:11:23.092830,,,
01 (1).jpg,ddf415a22f063d7fd5de6085a1d2711440a136cd198f1767ec90562f48603bcc,19650736,2026-06-04T20:11:59.606823,,,
01 (2).jpg,4a3d0342f0b8d8d587e045b9361702a4b1fa7d60e6c23a23484b7464ae81e2ca,21797484,2026-06-04T20:12:34.547784,,,
01 (3).jpg,a327f4a60bfe93d3fb18a714d6884433ec3b5621693d2554ad198148de1b96bc,18547252,2026-06-04T20:13:54.637045,,,
01 (4).jpg,196d667eda9d18a9d8e80ce394b54fa8a9165967f8bf453182a025c1671ea45e,19478194,2026-06-04T20:14:13.713852,,,
01 (5).jpg,906acef0bf054348ccfe21a04fd200e6ce3ebe2740d9e46f237dabf465d23a0f,19808886,2026-06-04T20:14:57.145452,,,
01 (6).jpg,f51c5066fbade83677681d40c8e6205bcfba6be513b554718220dea1687a7fef,18962313,2026-06-04T20:15:16.016660,,,
01 (7).jpg,9013b768532e76a2fe75b6459b849db2234b4b1eac78be02988eff38bd83826d,19355677,2026-06-04T20:15:54.195110,,,
01 (8).jpg,efcc1b6e10e8684791b62492271ffee18331c3b8298e541e5c8d77b4aab6865a,20469412,2026-06-04T20:16:25.131953,,,
01 (9.0).jpg,57e65c919d45c6815acdddba72f5b2fed94e562f7168f7caf338282691762e63,18215285,2026-06-04T20:17:12.628519,,,
01 (9.1).jpg,60c48b91ba44f586bd131ddd5b1c86a887df2e832feefc9e2cca3a993c9abd46,19113548,2026-06-04T20:17:47.531083,,,
01 (1).jpg,64784d12a973cce18f9da4a7a2a1388e58d5440358029c08d838f4fbc628af88,2666907,2026-06-04T20:17:33.249943,,,
01 (2).jpg,39bd417f8972ae75d4485b2e5007c48ce59b60ac8969c06d775b8747de6b0d63,1730164,2026-06-04T20:17:38.419785,,,
01 (3).jpg,a4655ff9d3100609da693f2a2547bbec337d2b7168cfc7a0ccaa525cfc66c926,2705485,2026-06-04T20:17:48.876899,,,
01 (4).jpg,2182f03ef2d80b531b1c646e427d90a43a0cdcebdc6fe1ffb97fc627b85fe51d,2702118,2026-06-04T20:17:56.569970,,,
01 (5).jpg,0499968802ef096bf7f1bb51c51ada3316ae0cd754c4950a5a92c186bc0f06cc,2678351,2026-06-04T20:17:57.137104,,,
01 (1).jpg,22519897ade87b4c1dd0af449fe7c6c93d73f2496fccf1892dae0b9b3c66f4c1,5522150,2026-06-04T20:18:11.506348,,,
01 (2).jpg,1a297bffdaa07e82a912741f1f2eee4c4a84e9dbab3f1f79c607bb98110c080d,5729900,2026-06-04T20:18:12.457148,,,
01 (3).jpg,ab23edb037174c415ade2b7979652397fae55b36a8e0656dda1f2cc74c15cfda,4196711,2026-06-04T20:18:21.793311,,,
01 (4).jpg,11871525f0d778420e7c7599fa6ef07839263bb3c514d113e5f27aab0404213d,4200658,2026-06-04T20:18:22.256616,,,
01 (5).jpg,f71c441fc9c788a373c3878a619db066ce7fa15816ca04654d8f8f1d47e2d031,4201834,2026-06-04T20:18:31.922000,,,
01 (6).jpg,deac873550cc2880eb504585460e4893ae2fb6fe2a5c5e7eae9073578e392053,5349753,2026-06-04T20:18:34.103311,,,
01 (7).jpg,bf66252a8333810f61dc7dbded902776e12bf2c5c87f8eac3597c80936150653,6060823,2026-06-04T20:18:45.923545,,,
01 (8).jpg,bec5c182a3933c76896e54ad3c9455e207ed1def12da8e87054f0e9a167e9b76,5143364,2026-06-04T20:18:46.248006,,,
01 (9.0).jpg,8c4ab194bd384256c0be91c5a4ad3f509bf3a2c8d271dcddb645b57f44cf2722,5475794,2026-06-04T20:19:06.506152,,,
01 (9.1).jpg,ab477dccdc619258d69b3646c09e243be9aa041435e1a901e94048c024eb9962,5942931,2026-06-04T20:19:08.125852,,,
01 (1).jpg,907973f2f2f5bf2bbb91cc88266b1f68c5f9f25b5859e6fa810dd5f33419bee9,13312298,2026-06-04T20:19:40.475101,,,
01 (2).jpg,900142c035db6e93068a23ab0add472ad4f851f6d71a23db15ee372bdb141f70,14433517,2026-06-04T20:19:44.219148,,,
01 (3).jpg,7207314a98ef603d8a53faafd753cab5037ff2574d6977a592c153eb86bec66e,13357923,2026-06-04T20:20:07.828151,,,
01 (4).jpg,c0c75c8d53600cae015abf6393bde4db8ee5b882b05d9ac5006de1a15453e1b7,13911651,2026-06-04T20:20:44.135001,,,
01 (5).jpg,0a3efe816f9b514dc939984be64177c077064eb85df53a80e72d5c55693f844a,11581147,2026-06-04T20:21:16.876003,,,
01 (6).jpg,072615aa399a6f071ac9432f72a7e00cf15bb46eb09919efab7276aac1905291,13641946,2026-06-04T20:21:48.260418,,,
01 (7).jpg,f420e5e805522cd3bb1aa1c537f83fd23403ab7df3500fda8e07ea43f2a28893,14114416,2026-06-04T20:22:01.366368,,,
01 (8).jpg,f14d7e54d0dff801c51d3cd2c05327dcc77e8ca1ce0a38e30bcd85dc442585b1,14169453,2026-06-04T20:22:40.904000,,,
01 (9.0).jpg,e1f709076e6ea208fcf6c0e2f2dfb3e12060f8a15228ab73325d99ed250d9528,13693810,2026-06-04T20:22:57.719466,,,
01 (9.1).jpg,28960717844d417cc6f37e69ae967679b31c4fa88c2d4f033c0ac9aad30e8237,13927762,2026-06-04T20:23:46.797905,,,
01 (1).jpg,aa0ea57b31ccbaa1a2523b371a29d1612e3fdb237d791c7b9479692f7a797e77,1633176,2026-06-04T20:23:09.496126,,,
01 (2).jpg,80210960daba37e99e8a9b407b696492be6c6d76dec12e02704d798381b14923,1641576,2026-06-04T20:23:23.564166,,,
01 (3).jpg,86ea49ab0d3ef4131ab0d78493c21f9250e78728226039d4fb0dd2fffe8618f5,1587248,2026-06-04T20:23:36.489976,,,
01 (4).jpg,85da1e6f87e20cef4e96f4dc44196938c9c53ba3c149bdda241a5e46d361ddc0,1595928,2026-06-04T20:23:47.474663,,,
01 (5).jpg,7491e3e11211ff50a905e4a2577d923416159e11b8841b61b6c567c4391b494a,1598563,2026-06-04T20:23:57.129884,,,
01 (1).jpg,ce7028b2a94b98a80713438078ae2f445ed9d94520c1c52d34014d515b6e8c67,3588284,2026-06-04T20:24:02.347830,,,
01 (2).jpg,51519be119ad31b8ac69c7a03824ca5ef5ae7c46c05003c3963b54c92148cb25,4795661,2026-06-04T20:24:12.195618,,,
01 (3).jpg,bbb5af80239cfcc4fefc626f4bece6a0bcc8db4544fdcf06000780a7bd1b54a3,3148447,2026-06-04T20:24:13.009741,,,
01 (4).jpg,de5651b112a93372e8e00d98681323a5c786e6c77e07d4ce8a4894ff44f673dc,3302261,2026-06-04T20:24:22.965629,,,
01 (5).jpg,e3a3755d7dd75f8684540f4db8ec844777f0c901fe55ee802804154138addc6f,3528388,2026-06-04T20:24:23.779762,,,
01 (6).jpg,3f7fb885e33d64347dd6ffbfa03c983e671fcf176c98ce19d7abb54c75c753eb,5402328,2026-06-04T20:24:36.470024,,,
01 (7).jpg,a86adf27bea00c9d1bb3e2bb3d913519331ca0d025e7e78fb8fd51a92e4e04cb,4004543,2026-06-04T20:24:35.067353,,,
01 (8).jpg,cd36bbfbcc1527a12d4c12110f3b4d143ccee9f7de398c5b7c0f3fc7ab4e8bfd,4276263,2026-06-04T20:24:48.643084,,,
01 (9.0).jpg,99f444dd9fa5d1d8a2925526a9c2c96f9f342f0a5eceded94e3d61238afac0b9,5177429,2026-06-04T20:24:52.017418,,,
01 (9.1).jpg,b5cfa9097d96a84e78d9e8b51673087c5327fac79d2a0f60c17e216614c9d97b,4924482,2026-06-04T20:25:01.557003,,,
01 (1).jpg,85c44330ba7007a478d79457280be6f0e35df4762969170d990ef651f4a6b893,12527562,2026-06-04T20:25:32.741304,,,
01 (2).jpg,24905edd68146054c40ac9ec52194d3f31af76bfbdea1f6df49de3f7be97fee6,13829979,2026-06-04T20:25:47.043177,,,
01 (3).jpg,12ce2a0463f326a8c325aec888bd6d09de570ecc6fdffb56eb7fea5a8323dd2d,11842924,2026-06-04T20:26:02.571492,,,
01 (4).jpg,4860d7cd0af1abc31a7f2f3e136ccd2254a1563eb135765e49886d22863ee95e,11222879,2026-06-04T20:26:13.790966,,,
01 (5).jpg,a27912360edc10d37b80d8bb10e35e3e2ee8b5d85754bc446e5cd1ac526c4449,12976225,2026-06-04T20:26:41.645964,,,
01 (6).jpg,1e2eb6fc8fa11c17b460fad71e33930962d87dd161d569ae3eaac1a3d1ded021,10911399,2026-06-04T20:26:50.238982,,,
01 (7).jpg,91a9cdb17ed71f05bab546350146e9fbae9e75c07253f099d57e922e655fa4ce,9587159,2026-06-04T20:27:03.364172,,,
01 (8).jpg,0f54879a607858f26bb6ffaf9c64935726525b7a87992733d257bbd51c3432ed,9747458,2026-06-04T20:27:09.308764,,,
01 (9.0).jpg,bdea8f0b6f5a72c85958da2edb7956d01119f9b80d83493150589e34e191ac3f,8396964,2026-06-04T20:27:21.405917,,,
01 (9.1).jpg,e49d7ba4cb03aba2daece20d2673b6b06157a9ade83c5ec05cb6c11c28b8c343,12263534,2026-06-04T20:27:42.506364,,,
01 (1).jpg,7d0acefa20301aa594213a45a05210ac0b16bf610bb297e52872aadcf5ddc18c,1621155,2026-06-04T20:27:29.067217,,,
01 (2).jpg,ffe7abf1f4988b225f0b799eae63bab06cf5b9e877e410000f13f27e67d51de1,1623989,2026-06-04T20:27:35.943744,,,
01 (3).jpg,98bfcf8fc114843e25f713b99888b31d13b35986f3a0a6d5911aaa5e084e3b2e,1629210,2026-06-04T20:27:44.529960,,,
01 (4).jpg,d2c806bcc482f44233b2372011d0758592a6c69400d5dba9001ea93adeea32a8,1648770,2026-06-04T20:27:53.446841,,,
01 (5).jpg,de103a308b0d130331126a81c8d9ba810f7c435b34acd955e5f24a59468b0af9,1645103,2026-06-04T20:27:55.987441,,,
01 (1).jpg,a2cc2d5698ef9052303cfb39bbab4930b97c9b5cc2e19e40411f821b09933551,5258248,2026-06-04T20:28:07.248731,,,
01 (2).jpg,a086d9470d4dece557098c7d7eb587238c2027edb70b0f309141fa80eba1bf18,5838406,2026-06-04T20:28:10.858665,,,
01 (3).jpg,f129fb0c60f7e8496d4845271dd6eed85661a5e17bd643589909a5e7ba67c763,3598062,2026-06-04T20:28:14.419551,,,
01 (4).jpg,a563742e0aff3b3a3e41779676b7664b8cf25653e835dad2634e046b126958c4,3800220,2026-06-04T20:28:19.258742,,,
01 (5).jpg,5271a28d9900eb49bacf64b390e8bee48529abf37ef25a4ab1e4acff71fff1e5,3647465,2026-06-04T20:28:22.515553,,,
01 (6).jpg,0b4f0eb734b448b2566bf4dc88aa1230d0d5947fba8ac6b7228929d452dd6362,3947048,2026-06-04T20:28:29.303622,,,
01 (7).jpg,42dd2ef190b40ca714d5a3d05383d2b4953f6822f3ac53a4c92437d1a91497fd,4015991,2026-06-04T20:28:33.668755,,,
01 (8).jpg,92378190e06a66788814a58718328830cdd93ddb55d6c41b773d5962467beb85,6602845,2026-06-04T20:28:44.998709,,,
01 (9.0).jpg,5ed2ac71ad7f37d8bf2180154cf55714e6458722c2675486e8c7d1f38ec4d956,5376927,2026-06-04T20:28:45.616709,,,
01 (9.1).jpg,0ea065f884cbc417e2d348ed1fb063a35b27052ea48626156973e01eb80b9276,3744731,2026-06-04T20:28:53.077740,,,
01 (1).jpg,0dfb646e5386aebbaa5db880fd6bd516e14893063b2a4f05ba922d35bce86044,4902654,2026-06-04T20:28:55.932395,,,
01 (2).jpg,42ffce2dcdc01f44fe9d022f8e333ab744625658a73bcd171cbf580d4c9c09e4,5399067,2026-06-04T20:29:03.730570,,,
01 (3).jpg,9fda961dc13b456678b67792c9aabe29e559b0331c4127534b29c8edd1df86ba,5549923,2026-06-04T20:29:06.830173,,,
01 (4).jpg,095688d1ae9b7ebcaca25f00b3a954e1c1386b53011fb353d88e32d9aeb33b07,5271905,2026-06-04T20:29:14.127980,,,
01 (5).jpg,1ce780bdd08ac36614cc3201213acf2194fcab75ce408ead896f1194c0b2aa92,4871372,2026-06-04T20:29:16.364436,,,
01 (6).jpg,ea1f61e7742da82164fa44c9151c8e42e7a2e8fe78601d3f0dfcad674498e87b,5037930,2026-06-04T20:29:24.665420,,,
01 (7).jpg,767e2788559f1c2ab40ab809a4b00c1f0943a39271924385517e43edb9922a56,6005071,2026-06-04T20:29:28.815080,,,
01 (8).jpg,cc909ab05f8c78db93db9baa1dbb8400241bac8889191803315f8c4d05f4c246,5353772,2026-06-04T20:29:36.190727,,,
01 (9.0).jpg,47b4f3e4a0216028e6a8b6f57f29a0e8c6560b251684f0babd18bbe5e6d7ec53,5850972,2026-06-04T20:29:40.996126,,,
01 (9.1).jpg,b23463806853a01b867ae86ff1f9ba5ca83873ab32a968e8a77576bf3b7d3888,4918454,2026-06-04T20:29:45.850520,,,
01 (1).jpg,941e37eaaf04e7fd86cd3daf4d4d99e1d1847b2e7f68465c2d40e259fc6191b3,1900535,2026-06-04T20:29:44.908935,,,
01 (2).jpg,2f33d6477aa1468a06b10b84a6eab144ff1afad80f6e360e17c7330339eb19ff,1907857,2026-06-04T20:29:48.798751,,,
01 (3).jpg,d231307da7554a05159f1ce9db1020902c2d884b53c8017a85e4b0a0842bd591,1903675,2026-06-04T20:29:49.752012,,,
01 (4).jpg,c34366a1a80a767d590dca8a534d6217d757dfd4affaa9adb5f6fe014a25e45c,1907864,2026-06-04T20:29:52.690417,,,
01 (5).jpg,bbd41cea8bfd560dc6a1dc743562ecce7a72324b0fa575cf498ac5001f2f19c5,1909295,2026-06-04T20:29:53.643678,,,
01 (1).jpg,7b5a0142658d5aaa64e8a568da699098210844a81d09aa76f437000f9264476f,2126157,2026-06-04T20:29:57.557209,,,
01 (2).jpg,8a76a2139f447506be2a7bfbfc9c4d2e5af31cb028070955a02a58190e3f06b6,1802124,2026-06-04T20:29:57.880866,,,
01 (3).jpg,07345dab7b280c7a08799dd92bfbf285da02c8ae265d9ac0a8ad46756456946d,2167903,2026-06-04T20:30:02.009944,,,
01 (4).jpg,22c92162d13b8b5e577db120d75d059a03c74fbc6b707a7c5f75d7440759f189,2433658,2026-06-04T20:30:03.264392,,,
01 (5).jpg,84810f218e242a5ac9f72538c6a71645afc91a86677f603dec6b7c5f4c77056a,3546477,2026-06-04T20:30:14.178684,,,
01 (6).jpg,52c40a2b2501de5de5925c78a2029180dbf729d615174ce84ede4b0519edac06,4109224,2026-06-04T20:30:17.157407,,,
01 (7).jpg,644dbbf688626bd98216db0d3eb3a46c57a945c81db71f6525fb50d10e14c56e,2483078,2026-06-04T20:30:23.075475,,,
01 (8).jpg,9913efd6b6a95faa1fa1051767ed225e4f75fe6f9c3f8c4cbdc53c2ea1cbe3cd,1914116,2026-06-04T20:30:24.600611,,,
01 (9.0).jpg,9df623ed6e625e1a5c0a798182588318c6ce725443e0d64cf8d824fb3a3d79af,2324823,2026-06-04T20:30:32.450897,,,
01 (9.1).jpg,84186cff2ebb0747fdb4accd9fa34359aebf6d2c0468b9ca2bf0b395738789d1,2010093,2026-06-04T20:30:33.372104,,,
01 (1).jpg,865b70357c6ba3d2b9c65191f9a31f50c85046d67fa5fe5bc26328727e16b1ba,4239717,2026-06-04T20:30:40.773315,,,
01 (2).jpg,c32b9d5ab9a4bc273a4f20f31c88cedee6e4b2028ec7b406fd7edd804693d527,3968985,2026-06-04T20:30:41.082250,,,
01 (3).jpg,bfc3fd93b41f6ab18869712bdfeeb3e38099632c5066f628a15e83035eb2948d,3763900,2026-06-04T20:30:48.118541,,,
01 (4).jpg,5e528896b79116b9aed09fbfc026e533a972ce900e745739172b800988fe30eb,3925129,2026-06-04T20:30:48.800657,,,
01 (5).jpg,ee75971e5a9ad47e4fa7e7152ca9daf4247a54a24dde62f203363e977fb88c81,3906621,2026-06-04T20:30:58.542560,,,
01 (6).jpg,5bcb3caa9f687515f9a157d9f60ca02b507cd06a2547e974d2868d82697d5e06,3906358,2026-06-04T20:30:59.019489,,,
01 (7).jpg,2388ae7a6a66b601e47e1469d686efe4ec5972c4edc389131fb1f8e539b3534b,4011013,2026-06-04T20:31:11.125294,,,
01 (8).jpg,f4df1b2971b7ba3750655fb788315f0ad35a9481d89a23580b19178a26cc5fe4,3665126,2026-06-04T20:31:10.970806,,,
01 (9.0).jpg,3d986fefe78194d4270e7e21047d17b635a27d927d0695bc3afc5607e2ca2928,3572902,2026-06-04T20:31:20.896271,,,
01 (9.1).jpg,4b39e6bb5e5c6656aa6ba6cb0fe687fa99746d9497c363514a892cf62410c065,4186327,2026-06-04T20:31:22.162279,,,
01 (1).jpg,f5f199c8a97e88e3555137e74a67c3702145c3c92d7273c8c09a7c64655ccca2,2877326,2026-06-04T20:31:28.590507,,,
01 (2).jpg,9c65a01887be49b65d3c781592f1f1ebd3f3ee40938f2ef30a87d767248392f6,2714813,2026-06-04T20:31:29.326566,,,
01 (3).jpg,00da22cef9882195f2ce583ad970ae177de6ccb3407daaf17958530d00f3e84c,2774872,2026-06-04T20:31:34.168002,,,
01 (4).jpg,5038266974aef037ae485eb71ef6bfa89e32534354248068f4efb61ac732b63d,2792860,2026-06-04T20:31:34.833408,,,
01 (5).jpg,5e7618d16fe3a88787e45c99565a91cd17d24e32208a8185b70791ae58a99433,2791615,2026-06-04T20:31:40.213033,,,
01 (1).jpg,233a6069b82a9e7c7a42143312dfb88af30e04cbebc3dfddd3050dbd942ae0dd,4059980,2026-06-04T20:31:43.521595,,,
01 (2).jpg,4c7bef57f6b71ab4eb029e279264d598ec5c0b5231e6e63696affb5171851e1e,4518543,2026-06-04T20:31:49.284062,,,
01 (3).jpg,5c1dfa4cc0c3234b138da0e6ca5a38010c6eecb39254814481e4c1a11106ae3e,4160309,2026-06-04T20:31:51.947508,,,
01 (4).jpg,99578d02c256d587252355cfe07e3c2892e0a502ca42bc322a4093bf6e8b650f,5354638,2026-06-04T20:32:00.116840,,,
01 (5).jpg,38bd5d54fdf026a88bdbd4845a7318db9d9094ddb6308409fd8a149aa0203f5f,4531368,2026-06-04T20:32:01.206414,,,
01 (6).jpg,8aa275852c4063d83234776c28eb5548a51e70099ded5fa9705143c346499d8a,4449074,2026-06-04T20:32:18.525831,,,
01 (7).jpg,3866eeac6a1fbdeada67306f555544431391b438c1f87f2eed18a87c53c45f95,4803391,2026-06-04T20:32:21.081576,,,
01 (8).jpg,8a59410d2de2bf8b38bc8ea0d85def0a32403e69b98e5854dabdccd491f3014b,4443272,2026-06-04T20:32:36.281836,,,
01 (9.0).jpg,32c823807b7208c6464606506b2ffca5cd64ad23326920c2e7278d37d35f6e35,4611640,2026-06-04T20:32:40.776230,,,
01 (9.1).jpg,7e85e619c1f5e0b2350aabd9da76ea0475dc9314a997eee840ac5b453ddee7bd,4904525,2026-06-04T20:32:57.540946,,,
01 (1).jpg,815e779e64a008ccb4cb503d9cf894f013d9377faa4d1148303dd658a7bbebf9,3934660,2026-06-04T20:32:58.072206,,,
01 (2).jpg,f22585d831c5e8d7be7b2f985363a4de41be0551d9aa546b3beb6fec235b9bee,4058862,2026-06-04T20:33:05.566435,,,
01 (3).jpg,d5b5b015a1526bcee5e9d676fdc29f26cdda13424bd7638eb6ee1c53697ac216,3921967,2026-06-04T20:33:05.860956,,,
01 (4).jpg,9f83a06639acec6b24f8ed60074e79ea4df84136fbb2ce99cf4a8d5741ab2e19,3530072,2026-06-04T20:33:12.592139,,,
01 (5).jpg,106cd48d7b57f653173be60eb8dd2a04d4131a0f264339b708945a57af5e9554,4010809,2026-06-04T20:33:14.108552,,,
01 (6).jpg,223adf0abe0966f04c8894c947b578f7c84bc820ce5df5f5e5afba62354187dd,3519926,2026-06-04T20:33:21.575924,,,
01 (7).jpg,155b4ca93d2db953b29dd626509c1d6c432f599ed6a3d563bf835c13c955dc35,4194989,2026-06-04T20:33:24.056601,,,
01 (8).jpg,4ad5d47f0a0d9c307f7a0442f69914cec98466ce2dad3d1939ef91414c41efbc,4162615,2026-06-04T20:33:29.685380,,,
01 (9.0).jpg,d631511d7e31906a1d67f1fc27fafedaee994d3d5290b1d94c022b82f0291a09,4113353,2026-06-04T20:33:32.156386,,,
01 (9.1).jpg,d938715baae3a930ddff51f5a1d8d3a73270fda84ab8a2edea9cc18b76acc0fc,3722381,2026-06-04T20:33:36.941351,,,
01 (1).jpg,71183fd5bc22a39bd861629bf4fb10b86db221d277b773adf0a75948b2a639b2,2783075,2026-06-04T20:33:37.756153,,,
01 (2).jpg,015f08e358d7f9e649cb8631e63bbbb4be0982dbe8cc0800b6a4c3f0cef4d30e,2633851,2026-06-04T20:33:42.281739,,,
01 (3).jpg,806c994db57acf2889b58c9b495f6c3bc3e668637ea883156c862b493d8589a5,2624523,2026-06-04T20:33:42.969614,,,
01 (4).jpg,8b2ec3caa37f0a8ea009089b516305f97aa8dda706c9a6d183fc69da25097e10,2675066,2026-06-04T20:33:48.388241,,,
01 (5).jpg,f2b4327ddce6a0da344fd69e42e002688e5456c262592b08d8f1b1fbe0b59278,2755563,2026-06-04T20:33:49.408909,,,
01 (1).jpg,938c4fcf00c2028e56e56a081ef1941e4abb7ddc72d97ecf7ab7e1543edc9d16,3545336,2026-06-04T20:33:55.450625,,,
01 (2).jpg,9a597971637fb0678a4cd71918189972ee6e3196c46e448038417ae8972b4912,5233928,2026-06-04T20:33:59.634339,,,
01 (3).jpg,55efce184c6f4cf5557947a67bab74f708c75ef5017491fa2c6ad6ac628f2c67,3997197,2026-06-04T20:34:04.169730,,,
01 (4).jpg,a25dcad3585ce30d384f98501e3528b3d24cedc0a4d1c10c46c3eb539fe76237,4128728,2026-06-04T20:34:09.990160,,,
01 (5).jpg,e83a30ddf8f9beb74140b64c7afef5522e3ec122f63df1a27ff79012e1168385,4852184,2026-06-04T20:34:19.862019,,,
01 (6).jpg,5793b4fe22ed06353952ef6789648be09dfd794c0ef7c0d6cc2214663c4c35fd,3777368,2026-06-04T20:34:23.875160,,,
01 (7).jpg,fee5fc23cc95eb1cfad2ef33e3526e09af6b8be29bcf44ca28e0ae233823bb9c,4641853,2026-06-04T20:34:33.414455,,,
01 (8).jpg,f4c35d2fc5b3affd19bbb0e2dcb4c98095556e4a4bc0208f0b2729d50651e5e4,5581109,2026-06-04T20:34:38.027020,,,
01 (9.0).jpg,67351518c54d827af01206f54737e7511ffa14cf90d33eebad4c8f8652a93ae2,6250649,2026-06-04T20:34:48.370821,,,
01 (9.1).jpg,acd532e0b98b621e49cedc671f62aa10d2ca3b0b3273a8f39635cf1e0945b14b,5080247,2026-06-04T20:34:49.941078,,,
