filename,exif_make,exif_model,custom_rendered,exif_prediction
00002portrait_00002_burst20170722111600.jpg,,,,0
00002portrait_00002_burst494751013071025.jpg,,,,0
00003sportrait_00003_burst20170916214045913.jpg,,,,0
00100dportrait_00100_burst20170819214801828_cover.jpg,,,,0
00100dportrait_00100_burst20170820184002747_cover.jpg,,,,0
00100dportrait_00100_burst20170914121422905_cover (1).jpg,,,,0
00100dportrait_00100_burst20170924123155135_cover.jpg,,,,0
00100dportrait_00100_burst20170930171441158_cover.jpg,,,,0
00100dportrait_00100_burst20171001184930679_cover.jpg,,,,0
00100dportrait_00100_burst20171013233121374_cover.jpg,,,,0
00100dportrait_00100_burst20171014154347382_cover.jpg,,,,0
00100dportrait_00100_burst20171014234026160_cover.jpg,,,,0
01 (1)_1.jpg,,,,0
01 (1)_2.jpg,,,,0
01 (1)_3.jpg,,,,0
01 (1)_4.jpg,,,,0
01 (1)_5.jpg,,,,0
01 (1)_6.jpg,,,,0
01 (2)_1.jpg,,,,0
01 (2)_2.jpg,,,,0
01 (2)_3.jpg,,,,0
01 (2)_4.jpg,,,,0
01 (2)_5.jpg,,,,0
01 (2)_6.jpg,,,,0
01 (3)_1.jpg,,,,0
01 (3)_2.jpg,,,,0
01 (3)_3.jpg,,,,0
01 (3)_4.jpg,,,,0
01 (3)_5.jpg,,,,0
01 (3)_6.jpg,,,,0
01 (4)_1.jpg,,,,0
01 (4)_2.jpg,,,,0
01 (4)_3.jpg,,,,0
01 (4)_4.jpg,,,,0
01 (4)_5.jpg,,,,0
01 (4)_6.jpg,,,,0
01 (5)_1.jpg,,,,0
01 (5)_2.jpg,,,,0
01 (5)_3.jpg,,,,0
01 (5)_4.jpg,,,,0
01 (5)_5.jpg,,,,0
01 (5)_6.jpg,,,,0
01 (6)_1.jpg,,,,0
01 (6)_2.jpg,,,,0
01 (6)_3.jpg,,,,0
01 (6)_4.jpg,,,,0
01 (6)_5.jpg,,,,0
01 (6)_6.jpg,,,,0
01 (7)_1.jpg,,,,0
01 (7)_2.jpg,,,,0
01 (7)_3.jpg,,,,0
01 (7)_4.jpg,,,,0
01 (7)_5.jpg,,,,0
01 (7)_6.jpg,,,,0
01 (8)_1.jpg,,,,0
01 (8)_2.jpg,,,,0
01 (8)_3.jpg,,,,0
01 (8)_4.jpg,,,,0
01 (8)_5.jpg,,,,0
01 (8)_6.jpg,,,,0
01 (9.0)_1.jpg,,,,0
01 (9.0)_2.jpg,,,,0
01 (9.0)_3.jpg,,,,0
01 (9.0)_4.jpg,,,,0
01 (9.0)_5.jpg,,,,0
01 (9.0)_6.jpg,,,,0
01 (9.1)_1.jpg,,,,0
01 (9.1)_2.jpg,,,,0
01 (9.1)_3.jpg,,,,0
01 (9.1)_4.jpg,,,,0
01 (9.1)_5.jpg,,,,0
01 (9.1)_6.jpg,,,,0
img_0211.jpg,,,,0
img_0212.jpg,,,,0
img_0213.jpg,,,,0
img_0214.jpg,,,,0
img_0215.jpg,,,,0
img_0216.jpg,,,,0
img_0217.jpg,,,,0
img_338651249.jpg,,,,0
photo_16.jpg,,,,0
photo_4.jpg,,,,0
photo_6.jpg,,,,0
portrait_0050_20170718_104704_950.jpg,,,,0
portrait_0050_20170719_142756_707.jpg,,,,0
portrait_0050_20170725_182616_746.jpg,,,,0
portrait_0050_20170725_185728_022.jpg,,,,0
portrait_0050_20170806_163412_637.jpg,,,,0
portrait_0050_20170809_154004_802.jpg,,,,0
portrait_0181_20170715_124004_796.jpg,,,,0
portrait_0222_20170812_202647_946.jpg,,,,0
portrait_0289_20170809_100620_690.jpg,,,,0
portrait_0508_20170823_165159_189.jpg,,,,0
portrait_0578_20170810_204504_835.jpg,,,,0
portrait_0578_20170817_153638_385.jpg,,,,0
portrait_0578_20170817_173638_329.jpg,,,,0
portrait_5702_20170819_133222_151.jpg,,,,0
portrait_5702_20170831_121406_392.jpg,,,,0
portrait_5702_20170910_123953_906.jpg,,,,0
portrait_5702_20170910_124847_196.jpg,,,,0
