filename,image_size,sha256,label,pred_label,rho,beta,filter_type,bp_ref,rotation_k,latency_ms
00002portrait_00002_burst20170722111600.jpg,756x1008,b08d6e4959c87a967092066e174afbce43fce3745cba5a975d6d984bc3e81d7c,0,,0.003134,0.0072,gauss1,BP07_12MP_SLM_HEIC.mat,0,1725.8
00002portrait_00002_burst494751013071025.jpg,756x1008,bfe073bc6a697a509e76c6d718c6213741da622e28bd474ba6b5373dc548defb,0,,0.002479,0.0072,gauss1,BP05_12MP_SLM_HEIC.mat,0,1603.4
00003sportrait_00003_burst20170916214045913.jpg,756x1008,de76ac8c61ca17e00c96df094b1b20ec5970650cdb48796810e0013e08b4ce87,0,,0.00216,0.0072,gauss1,BP05_12MP_SLM_HEIC.mat,3,1554.2
00100dportrait_00100_burst20170819214801828_cover.jpg,756x1008,ba1cd576adfed3952262facafe16956f5c4cd7571654c1c9e0165b6d02c51859,0,,0.001756,0.0072,gauss1,BP07_12MP_SLM_HEIC.mat,1,1424.0
00100dportrait_00100_burst20170820184002747_cover.jpg,756x1008,8eb3c7fadb9935affc8acc7a5db2b5dee3a5d4353ecd97fbc44cd674e951697a,0,,0.003612,0.0072,gauss1,BP08_12MP_NL_JPEG.mat,3,1370.6
00100dportrait_00100_burst20170914121422905_cover (1).jpg,756x1008,79580a79c94914836072af3a87dd407de1f1dee2c77c94994fb981648f4df37b,0,,0.001607,0.0072,gauss1,BP05_12MP_NL_HEIC.mat,1,1429.1
00100dportrait_00100_burst20170924123155135_cover.jpg,1008x756,300af27cbc67c898e22e5967fa348856e6aa73ccf1d76b804c64179f40a0dda0,0,,0.002392,0.0072,gauss1,BP05_12MP_SLM_HEIC.mat,3,1382.9
00100dportrait_00100_burst20170930171441158_cover.jpg,756x1008,031ee52f3a2e15a2c4c58d29bc1e2ac7facfa8265bc8295186504321ad06e6e5,0,,0.002283,0.0072,gauss1,BP03_12MP_NL_JPEG.mat,3,1478.8
00100dportrait_00100_burst20171001184930679_cover.jpg,1008x756,a80786e9835a2585ba8a879250e83b6aee97537aad3f2496fe065bde4f3a1a37,0,,0.001427,0.0072,gauss1,BP06_12MP_SLM_HEIC.mat,1,1513.6
00100dportrait_00100_burst20171013233121374_cover.jpg,756x1008,96a51599fe1faad2386a46b39fee43722e3d6182b4cc2f3803dc4723ff6d12ab,0,,0.003283,0.0072,gauss1,BP05_12MP_SLM_HEIC.mat,0,1512.5
00100dportrait_00100_burst20171014154347382_cover.jpg,756x1008,53e099d98850500b48eee1273aa059b5f268fb9f59ba265155f5c23e6109411f,0,,0.00257,0.0072,gauss1,BP08_12MP_NL_JPEG.mat,1,1480.1
00100dportrait_00100_burst20171014234026160_cover.jpg,756x1008,401f847fd3b058d8ddab52d0123a7a6a79f2da380bc00cd71fe9663dbe54ad13,0,,0.002387,0.0072,gauss1,BP08_12MP_NL_JPEG.mat,3,1540.5
01 (1)_1.jpg,756x1008,f60139e16db7f33145ac5c97629f3c01928734d35e712431cdcc1cb78029d7c4,0,,0.003175,0.0072,gauss1,BP03_12MP_NL_JPEG.mat,2,1535.9
01 (1)_2.jpg,756x1008,89a0adc24e11c5e79f45db00c79d3c13317ca1a5fcc69c485df6e44171830070,0,,0.003906,0.0072,gauss1,BP05_12MP_SLM_HEIC.mat,3,1546.6
01 (1)_3.jpg,756x1008,c2ab9145c51ea49730713a5609fa0d700b258c122f0655bba4f89ea1be8bd6f8,0,,0.004377,0.0072,gauss1,BP06_12MP_SLM_HEIC.mat,2,1487.1
01 (1)_4.jpg,1008x756,d66b9b29c8f371fe33343da1ddcd246add670d7f7724a69551184dbd3a38d1fc,1,,0.013058,0.0072,gauss1,BP04_12MP_NL_JPEG.mat,0,1488.4
01 (1)_5.jpg,1008x756,098c8337e49a07d5a54993abc386e9e227b6ba26b5d052ffeb62f200b07f0d67,1,,0.012862,0.0072,gauss1,BP04_12MP_NL_JPEG.mat,0,1545.6
01 (1)_6.jpg,1008x756,fa6457217de843d4fd2dc564cf9589f7bc749fa1645698f6e13492aa5dc9cc59,1,,0.013213,0.0072,gauss1,BP04_12MP_NL_JPEG.mat,0,1549.9
01 (2)_1.jpg,756x1008,b57a513306221a2ff6997969e538d8c371376f808909e59085d61569574a491b,0,,0.001554,0.0072,gauss1,BP05_12MP_SLM_HEIC.mat,3,1466.9
01 (2)_2.jpg,756x1008,999273c293705c10aafcde8c83f4e4e78683e3e8c112c631e4f28a70761fc512,0,,0.005027,0.0072,gauss1,BP05_12MP_SLM_HEIC.mat,3,1519.8
01 (2)_3.jpg,756x1008,c971ea096c561e72755c4c63f63ee8edf30fb310eb212e95f2a9aa4b0c0672ef,0,,0.001432,0.0072,gauss1,BP07_12MP_SLM_HEIC.mat,3,1496.0
01 (2)_4.jpg,1008x756,ff7d8f5c7166a096948463b3bf9eda3d50c7f1f914b516015552fc3549c8232d,1,,0.015977,0.0072,gauss1,BP04_12MP_NL_JPEG.mat,0,1473.8
01 (2)_5.jpg,1008x756,c1bcc5231e1d21e3965fc002445703b2eafa913942146adbb5abbc02495a87b6,1,,0.028921,0.0072,gauss1,BP04_12MP_NL_JPEG.mat,0,1402.0
01 (2)_6.jpg,1008x756,648ad3ac9aee1b43017da14249097c4a091ecf6558bdc8eb8544bdf37e350d41,1,,0.043572,0.0072,gauss1,BP04_12MP_NL_JPEG.mat,0,1510.7
01 (3)_1.jpg,756x1008,01b5b6245f7487647c518084b2ff9cf053cea69d62e4e4b636700197dc77899f,0,,0.002212,0.0072,gauss1,BP01_12MP_NL_JPEG.mat,0,1418.3
01 (3)_2.jpg,756x1008,02a6d84d65bf0c9a2807a35149cb630e34b76005b5f7d613eeb11b1249efe07d,0,,0.001953,0.0072,gauss1,BP08_12MP_NL_JPEG.mat,3,1417.2
01 (3)_3.jpg,756x1008,764aa2dcfb8711da31d7e3259def67cd768842d35612d82dce497dc2ca2cdc11,0,,0.002776,0.0072,gauss1,BP08_12MP_NL_JPEG.mat,3,1484.4
01 (3)_4.jpg,1008x756,77778dbf2672056e80a8235eb58a5cd4b62331fef25373f8f439df4a2fee9405,1,,0.009604,0.0072,gauss1,BP04_12MP_NL_JPEG.mat,0,1486.2
01 (3)_5.jpg,1008x756,6b8ba0bbfe08a5801f0028b9a2d818ec36fa653e8315aaace7cdcaaec4c205d0,1,,0.002907,0.0072,gauss1,BP04_12MP_NL_JPEG.mat,0,1580.4
01 (3)_6.jpg,1008x756,d6fb35aad9210be008a20f18b80dbbb6239eea54a531ddcfbf5a9e9c0f1d7ac7,1,,0.009151,0.0072,gauss1,BP04_12MP_NL_JPEG.mat,0,1472.1
01 (4)_1.jpg,756x1008,79617d0129b2adc0c9cd999be9306bbad10e3ee0a952e55ced212d5e5aa57667,0,,0.002462,0.0072,gauss1,BP06_12MP_SLM_HEIC.mat,0,1459.8
01 (4)_2.jpg,756x1008,2f9766f8adf328ba22d0126d7df2595d76a8f6aa8ba2c7126a3d4ab49b0433c0,0,,0.002802,0.0072,gauss1,BP04_12MP_NL_JPEG.mat,3,1505.4
01 (4)_3.jpg,756x1008,72ebcbf8e5cebf0002e7669e05c85ec725013f7cc06457ca9780770117fad5d0,0,,0.002021,0.0072,gauss1,BP08_12MP_NL_JPEG.mat,1,1419.5
01 (4)_4.jpg,1008x756,92ec7aeedcb99fd12ee13cb6de265c4e8e56ed2f76da2e5b06e38629e7be1d6b,1,,0.02385,0.0072,gauss1,BP04_12MP_NL_JPEG.mat,0,1494.1
01 (4)_5.jpg,1008x756,2a621b74b1023f8938ce34ba9532e56dba04251a8628f1dfdee0312804fa8116,1,,0.003128,0.0072,gauss1,BP02_12MP_NL_JPEG.mat,1,1515.8
01 (4)_6.jpg,1008x756,fb934d98fbd7b02e842863983aca33c64d79b7527321e388ebb9d7535792d5e8,1,,0.046173,0.0072,gauss1,BP04_12MP_NL_JPEG.mat,0,1630.9
01 (5)_1.jpg,756x1008,cc2773c243cd9bb767e9a9e3ae3a3c104314b72c54f02b7d0a1815815154a0df,0,,0.001538,0.0072,gauss1,BP04_12MP_NL_JPEG.mat,3,1401.0
01 (5)_2.jpg,756x1008,685d8c62913a22b3db09ac9e34e869dd2c5b0599c482721d7f7d274b9b15fb65,0,,0.002897,0.0072,gauss1,BP06_12MP_NL_HEIC.mat,3,1463.6
01 (5)_3.jpg,756x1008,419ebb315f972cc88780d0831740799aadb70d0b8124c6b1bc4060f1e6566661,0,,0.002061,0.0072,gauss1,BP03_12MP_NL_JPEG.mat,2,1479.0
01 (5)_4.jpg,1008x756,3fdda8a8eb4e9ebb92856c72dac1b714b75820f3c9462c041344dee3fc418e32,1,,0.012163,0.0072,gauss1,BP04_12MP_NL_JPEG.mat,0,1570.2
01 (5)_5.jpg,1008x756,c9887f82ecf5b844179e6b87658ea22b79c7b9b2ba25529e11fc9152651bce87,1,,0.004253,0.0072,gauss1,BP04_12MP_NL_JPEG.mat,0,1419.0
01 (5)_6.jpg,1008x756,a41be45eefa27de0b801443dcf7d3b734cd534e3e2a495ca7c132884ecd686ad,1,,0.021502,0.0072,gauss1,BP04_12MP_NL_JPEG.mat,0,1615.8
01 (6)_1.jpg,756x1008,f2e7db7b46a1b82d31feca5979a1a7659e899754f197969cceffd91182e57f6c,0,,0.002952,0.0072,gauss1,BP08_12MP_NL_JPEG.mat,0,1527.2
01 (6)_2.jpg,756x1008,5496441f530de7c2035feb62fb8ffb88b088cc6e0aad9f928711123243be7497,0,,0.004253,0.0072,gauss1,BP05_12MP_SLM_HEIC.mat,1,1494.9
01 (6)_3.jpg,756x1008,c2babf18d48a7cef25ede254253372f82e2eb41e696318d1160a83eec89aa40d,0,,0.001428,0.0072,gauss1,BP08_12MP_NL_JPEG.mat,2,1370.1
01 (6)_4.jpg,1008x756,1934edb710281de7f05d6e67b68fc264cd9d6716981d0ed070f724a6fcacc519,1,,0.022484,0.0072,gauss1,BP04_12MP_NL_JPEG.mat,0,1458.5
01 (6)_5.jpg,1008x756,49a4e4a8a960a1a6974e3abab847e4a5ef8ca5edb6676e63f8a69a32e4804656,1,,0.002119,0.0072,gauss1,BP08_12MP_NL_JPEG.mat,2,1454.0
01 (6)_6.jpg,1008x756,6dd761ea713d3506b8c5f40a810eb641656f7fd8cdc53751c09ad628da0ed27d,1,,0.021927,0.0072,gauss1,BP04_12MP_NL_JPEG.mat,0,1430.9
01 (7)_1.jpg,756x1008,f557ce32a75add0322d330da0880a078ccc1718cadd2908509342f441913dee7,0,,0.00201,0.0072,gauss1,BP04_12MP_NL_JPEG.mat,1,1594.7
01 (7)_2.jpg,756x1008,9089d17cda250c89a0a6f50cecee2b81e855069460a9bb6d2780e9796a2c0d0d,0,,0.005647,0.0072,gauss1,BP03_12MP_NL_JPEG.mat,2,1581.9
01 (7)_3.jpg,756x1008,47193d7a8af561401524dda2042e21f04ea7313a1849ca70e9f40fa1ee1280fd,0,,0.001859,0.0072,gauss1,BP06_12MP_SLM_HEIC.mat,3,1508.8
01 (7)_4.jpg,1008x756,88fe78ee74049306f0b35ca1cdb6e411cb0da76f1d859c4a3a1d9e4d1ede275f,1,,0.028937,0.0072,gauss1,BP04_12MP_NL_JPEG.mat,0,1431.2
01 (7)_5.jpg,1008x756,530f74dd66e231079fb70855aea3bd5098451507d19a89b1f24f8d6737695a29,1,,0.002854,0.0072,gauss1,BP04_12MP_NL_JPEG.mat,0,1454.4
01 (7)_6.jpg,1008x756,5cd3c72b8c7cabda8f7a91f138d278f9cd070d34c86376aab38da1c839570f3c,1,,0.020471,0.0072,gauss1,BP04_12MP_NL_JPEG.mat,0,1608.0
01 (8)_1.jpg,756x1008,42c3902f216238050380981076a6113792f7db3e15388497aafff9421abdf3d6,0,,0.002584,0.0072,gauss1,BP03_12MP_NL_JPEG.mat,2,1738.7
01 (8)_2.jpg,756x1008,28219f6d1af0888840ad68a29e72aa6ecb27154a2fafe1ae33cb27855a94c58d,0,,0.003071,0.0072,gauss1,BP01_12MP_NL_JPEG.mat,0,1507.0
01 (8)_3.jpg,756x1008,95aa73940863c3597b0ea9dd2349ddbefb0638368ee5e6391b997163b7c4cc03,0,,0.001827,0.0072,gauss1,BP04_12MP_NL_JPEG.mat,1,1388.2
01 (8)_4.jpg,1008x756,cd40dc7dbcc3356555372026f5bb7975a717739d37effe2865b5496605cabeba,1,,0.01189,0.0072,gauss1,BP04_12MP_NL_JPEG.mat,0,1529.6
01 (8)_5.jpg,1008x756,4a3b50dab882327e63614712f69405bf81a9ca1747032c7bc2315932972b9695,1,,0.0132,0.0072,gauss1,BP04_12MP_NL_JPEG.mat,0,1504.1
01 (8)_6.jpg,1008x756,ec85c3e49d9cd9a5097b8de389778f2a126e54c10e34ff15b1182c6eb59b07fc,1,,0.042037,0.0072,gauss1,BP04_12MP_NL_JPEG.mat,0,1482.6
01 (9.0)_1.jpg,756x1008,d60a3057ee9ff7a5049114d09fbf10bedf340b33ad9a4844b516c31f73f18375,0,,0.003037,0.0072,gauss1,BP08_12MP_NL_JPEG.mat,3,1638.1
01 (9.0)_2.jpg,756x1008,13c0e86031e4d3ed62e60f5e8e066e75d9b9baf92df7f23e5e90293da7c37cfa,0,,0.002041,0.0072,gauss1,BP08_12MP_NL_JPEG.mat,3,1655.5
01 (9.0)_3.jpg,756x1008,3270ebd3bc34d7db6643d76ff31b2b98444aa8a01b3168f4e75d54bcaa696812,0,,0.001996,0.0072,gauss1,BP06_12MP_NL_HEIC.mat,0,1533.7
01 (9.0)_4.jpg,1008x756,b96df625eda8755de186073386e9cef364f081edff642a30535303cd24932166,1,,0.008635,0.0072,gauss1,BP04_12MP_NL_JPEG.mat,0,1485.2
01 (9.0)_5.jpg,1008x756,280f6d13bea49a2ec6bf92b3dcb9798d53594e2988e3c82c3f50b36de28065fd,1,,0.008746,0.0072,gauss1,BP04_12MP_NL_JPEG.mat,0,1394.3
01 (9.0)_6.jpg,1008x756,9b9da52ca9f2183fd94430c44c94f1ed3378eced1045dad60e0a404dd943cd57,1,,0.039674,0.0072,gauss1,BP04_12MP_NL_JPEG.mat,0,1509.2
01 (9.1)_1.jpg,756x1008,ee989833c52d71b5bfd1f587fd24a2d3ac78341977eed4ee6ff3981b2eca2e43,0,,0.002313,0.0072,gauss1,BP04_12MP_NL_JPEG.mat,2,1487.3
01 (9.1)_2.jpg,756x1008,5652d4cf1538d4ed8c283b479e353a6257fa4b5c1f663e5fca767a453797fa61,0,,0.001671,0.0072,gauss1,BP02_12MP_NL_JPEG.mat,2,1516.4
01 (9.1)_3.jpg,756x1008,55cf1ec08dd48e54281e18ac7b3de9f8c9d82c0f370e74dbffecd3dc72973e95,0,,0.00181,0.0072,gauss1,BP03_12MP_NL_JPEG.mat,0,1459.1
01 (9.1)_4.jpg,1008x756,14444c1b67c8e135c052f1ec2dfd790c028f97e6f2d04538ad2f3c38337552b6,1,,0.046938,0.0072,gauss1,BP04_12MP_NL_JPEG.mat,0,1568.5
01 (9.1)_5.jpg,1008x756,e3f4223c28c55491ae2a245eae306214c952a5552bc0d02f839cd9bedd828639,1,,0.014492,0.0072,gauss1,BP04_12MP_NL_JPEG.mat,0,1515.5
01 (9.1)_6.jpg,1008x756,7aba84bb8d0b4c94b9bdbad552bd1ed68a2e2bac97c018d8c0ca90138ceba696,1,,0.009888,0.0072,gauss1,BP04_12MP_NL_JPEG.mat,0,1508.1
img_0211.jpg,1008x756,4569948c6c4ea31718026d77acff8d9f99afc084c79b37a078c48ba1713f4ac1,,,0.028186,0.0072,gauss1,BP05_12MP_SLM_HEIC.mat,0,1538.9
img_0212.jpg,1008x756,ba56600e823eaa5076ddf437e94e1cf0b751ea9d8f560d3eea82c2caea3aee6e,,,0.031377,0.0072,gauss1,BP05_12MP_SLM_HEIC.mat,0,1508.4
img_0213.jpg,1008x756,dcb4a97c2ebf90ba42d669c288103c3e7e4240fdaf51e1da93bc9f0f73c8cea8,,,0.029875,0.0072,gauss1,BP05_12MP_SLM_HEIC.mat,0,1455.1
img_0214.jpg,1008x756,1684d34f03f673d78fc38eae85f2c367b438d1973f088075ece57db3371c1e0e,,,0.027454,0.0072,gauss1,BP05_12MP_SLM_HEIC.mat,0,1565.0
img_0215.jpg,1008x756,c4c421105c778dd70fc65a92db52cc806751fcc1cd172ca5a860cb0fc2b1a5f0,,,0.039584,0.0072,gauss1,BP05_12MP_SLM_HEIC.mat,0,1527.1
img_0216.jpg,1008x756,777e75e58fac54f8969ab9188f918e3006d8f001ae240802bc358ad025347e82,,,0.028517,0.0072,gauss1,BP05_12MP_SLM_HEIC.mat,0,1558.2
img_0217.jpg,1008x756,032b433cbdcbe290ee07ab757c90e12f5d38eddac563b143ddcceac0968b0c18,,,0.006389,0.0072,gauss1,BP05_12MP_SLM_HEIC.mat,0,1496.9
img_338651249.jpg,1008x756,35a24470dbd8b4dc22af066de738284a937b8b051676c1f7ae2f99d4ac1f71e2,0,,0.003021,0.0072,gauss1,BP06_12MP_SLM_HEIC.mat,3,1623.1
photo_16.jpg,1008x756,52fee163bd7120b8ce7d4580a20c3690fb7638c9984a9a1ce9717fe5a316cde3,0,,0.001958,0.0072,gauss1,BP02_12MP_NL_JPEG.mat,0,1658.6
photo_4.jpg,1008x756,a4480721347efd20cc65dc2e5b80889649bc81416d8e58ad0bac163ff1a6cb46,1,,0.09362,0.0072,gauss1,BP05_12MP_SLM_HEIC.mat,0,1672.4
photo_6.jpg,1008x756,f881332495a7181c7db42c124809e4e4937fadfcfac68748906af6497d17d0e4,1,,0.01711,0.0072,gauss1,BP04_12MP_NL_JPEG.mat,0,1488.2
portrait_0050_20170718_104704_950.jpg,756x1008,a35ebdd53cae445a3a7104041fc87fb25ba4cfa0e3c0ed2d171b3f61d8a86d3f,0,,0.003345,0.0072,gauss1,BP06_12MP_NL_HEIC.mat,2,1471.5
portrait_0050_20170719_142756_707.jpg,756x1008,d7997b201446bab7591687b69469923d1b4840af3e9ee758e68d4bed7ad3c32f,0,,0.002751,0.0072,gauss1,BP08_12MP_NL_JPEG.mat,0,1367.3
portrait_0050_20170725_182616_746.jpg,756x1008,1fa74c2c9bae3be8e0c9a1c62c55ebe0b97f04c96516918f3682d769767bab13,0,,0.002127,0.0072,gauss1,BP02_12MP_NL_JPEG.mat,1,1559.3
portrait_0050_20170725_185728_022.jpg,756x1008,a0fec710acef0a79f9a6941f92ef6abb53ec3e7c833219ddbcc0fcd4f8de8742,0,,0.002338,0.0072,gauss1,BP06_12MP_NL_HEIC.mat,2,1452.0
portrait_0050_20170806_163412_637.jpg,756x1008,4a3712214232b09e22181ac3fd9584be4ed74be6ad7bfd653efd71c8f12ff51c,0,,0.002199,0.0072,gauss1,BP05_12MP_SLM_HEIC.mat,0,1418.3
portrait_0050_20170809_154004_802.jpg,756x1008,c7823e6b095155d9701dc20878c4f6d378590dc4447be0a46dea92dced1098fd,0,,0.002367,0.0072,gauss1,BP06_12MP_NL_HEIC.mat,3,1559.5
portrait_0181_20170715_124004_796.jpg,756x1008,5f47976b6ab8d5d06503e4ab0d2d99bfaa062dcfbd3f3230186347572b2bad53,0,,0.00198,0.0072,gauss1,BP06_12MP_SLM_HEIC.mat,1,1613.5
portrait_0222_20170812_202647_946.jpg,756x1008,52ef1348f4cec7409c4ce1b5dfac8113e28039871697cb4eb0340c7e202a49d7,0,,0.001896,0.0072,gauss1,BP07_12MP_SLM_HEIC.mat,2,1458.2
portrait_0289_20170809_100620_690.jpg,756x1008,1a4feeb1caf5ebef4f4dcc5857dc158d3f01c1b7a8c6d1f47792f56fc33c1614,0,,0.001967,0.0072,gauss1,BP01_12MP_NL_JPEG.mat,0,1426.2
portrait_0508_20170823_165159_189.jpg,756x1008,4ae825f31d07a380651a5dc215ef46cb2f39eb735678f06a0c10355e9cee7168,0,,0.003408,0.0072,gauss1,BP05_12MP_SLM_HEIC.mat,2,1450.5
portrait_0578_20170810_204504_835.jpg,756x1008,633c4847ed5279b8d8c6607a3d0f9ed425ba88dff1b8a0cc265609d6e172ff36,0,,0.002298,0.0072,gauss1,BP06_12MP_NL_HEIC.mat,0,1474.4
portrait_0578_20170817_153638_385.jpg,756x1008,080189c70b712cdf3b8dd3870462439d681d1c4f61e4b9f0cbf36863efc4cfc8,0,,0.002554,0.0072,gauss1,BP06_12MP_NL_HEIC.mat,2,1651.6
portrait_0578_20170817_173638_329.jpg,756x1008,b5080c467e33c8ba830bcaafd51411ed3b3053a81e8486dad02986d48c678478,0,,0.002056,0.0072,gauss1,BP04_12MP_NL_JPEG.mat,3,1990.6
portrait_5702_20170819_133222_151.jpg,756x1008,cb42238885b245bed763628d015a727792c427ad170155c07373a7ef1a09897b,0,,0.002001,0.0072,gauss1,BP07_12MP_SLM_HEIC.mat,0,1514.2
portrait_5702_20170831_121406_392.jpg,756x1008,b7828070df724f35a2492020337b12ecf4e0b353c4f15f6fa3cd0d8dc887b844,0,,0.002985,0.0072,gauss1,BP04_12MP_NL_JPEG.mat,1,1595.5
portrait_5702_20170910_123953_906.jpg,756x1008,e8f0d3a93722f4d0b2f2d11c7ae2e6d259f47b688446f75367915a777d5aa622,0,,0.004639,0.0072,gauss1,BP08_12MP_NL_JPEG.mat,1,1645.9
portrait_5702_20170910_124847_196.jpg,756x1008,bdf769d881061122e8de2f2ec28b00ad9acd83379be1c7c17b11665305d761ef,0,,0.002876,0.0072,gauss1,BP05_12MP_NL_HEIC.mat,3,1534.4
